synonym_density,hypernym_density,hyponym_density,mean_adj_sent_similarity,std_adj_sent_similarity,mean_sent_doc_similarity,mean_embedding_variance
0.8977777777777778,0.7333333333333333,0.7022222222222222,0.35085616,0.13717937,0.5318344,0.0018675836
0.89,0.62,0.58,0.27830365,0.12028437,0.5553968,0.0018008709
0.8904761904761904,0.7714285714285715,0.7380952380952381,0.23035946,0.119014226,0.48445904,0.0019929672
0.8949771689497716,0.7397260273972602,0.684931506849315,0.23158357,0.11877889,0.51167357,0.0019223703
0.8920863309352518,0.8057553956834532,0.7769784172661871,0.35591903,0.15052028,0.5530088,0.0018077638
0.9069767441860465,0.641860465116279,0.6093023255813953,0.2735517,0.103632815,0.52762157,0.001879207
0.8967391304347826,0.5869565217391305,0.5652173913043478,0.31951678,0.19249645,0.5879914,0.0017038183
0.9364406779661016,0.6652542372881356,0.6440677966101694,0.3191883,0.1934596,0.5763604,0.0017390853
0.9414634146341463,0.7902439024390244,0.7463414634146341,0.24041417,0.12115968,0.48641992,0.0019880095
0.9090909090909091,0.6212121212121212,0.5656565656565656,0.26194927,0.12869552,0.54356945,0.0018347194
0.905829596412556,0.757847533632287,0.7443946188340808,0.30696857,0.11263261,0.5582881,0.0017924854
0.9515151515151515,0.7757575757575758,0.6606060606060606,0.323593,0.18215986,0.57829046,0.0017332816
0.8287037037037037,0.7222222222222222,0.6759259259259259,0.41797298,0.16566868,0.6425769,0.0015288931
0.9105691056910569,0.7560975609756098,0.7560975609756098,0.34777305,0.13918398,0.5486616,0.0018202355
0.8841463414634146,0.6890243902439024,0.6646341463414634,0.24193874,0.1407261,0.49413028,0.0019683212
0.8629441624365483,0.7563451776649747,0.7106598984771574,0.21776533,0.11834729,0.49049705,0.0019776372
0.9301075268817204,0.6397849462365591,0.6129032258064516,0.3400905,0.14914249,0.5631001,0.0017784331
0.9107981220657277,0.6666666666666666,0.6384976525821596,0.35673255,0.13419956,0.5997635,0.0016674058
0.8813559322033898,0.6652542372881356,0.5847457627118644,0.3164129,0.15661167,0.5465163,0.001826354
0.9025974025974026,0.7207792207792207,0.6688311688311688,0.32245362,0.20813017,0.505597,0.0019384678
0.9090909090909091,0.7696969696969697,0.7212121212121212,0.22077796,0.10534478,0.47155246,0.0020250997
0.9055555555555556,0.7444444444444445,0.7055555555555556,0.28128844,0.1384831,0.48954177,0.0019800754
0.8878048780487805,0.7951219512195122,0.7658536585365854,0.25951073,0.122300915,0.4989461,0.0019558668
0.8987341772151899,0.7658227848101266,0.740506329113924,0.2796839,0.13922586,0.53705204,0.0018530603
0.9246231155778895,0.7738693467336684,0.7537688442211056,0.23444192,0.10946225,0.46883196,0.002031762
0.8851674641148325,0.7464114832535885,0.69377990430622,0.26742828,0.101140186,0.5507108,0.0018143688
0.8810810810810811,0.7027027027027027,0.6756756756756757,0.29095992,0.08691415,0.5497077,0.0018172433
0.9166666666666666,0.6805555555555556,0.6481481481481481,0.4576413,0.22409964,0.6204967,0.0016015206
0.8869565217391304,0.7869565217391304,0.7478260869565218,0.27336472,0.11570575,0.54407805,0.001833279
0.927536231884058,0.7777777777777778,0.7342995169082126,0.22737266,0.08409367,0.47272417,0.0020222184
0.9263157894736842,0.631578947368421,0.6105263157894737,0.37493056,0.14048335,0.6095979,0.0016364338
0.9226804123711341,0.6288659793814433,0.6030927835051546,0.30574578,0.14516522,0.570359,0.0017570067
0.8482142857142857,0.6517857142857143,0.6294642857142857,0.39575464,0.109379634,0.63929474,0.0015398497
0.8315217391304348,0.6467391304347826,0.5760869565217391,0.34198448,0.2028508,0.557659,0.0017943137
0.934156378600823,0.8065843621399177,0.7448559670781894,0.282563,0.12492975,0.57416487,0.0017456636
0.9313725490196079,0.6176470588235294,0.5980392156862745,0.27205232,0.16294126,0.54031485,0.0018439057
0.8766519823788547,0.5814977973568282,0.5418502202643172,0.41694698,0.26436433,0.64748526,0.001512403
0.9252873563218391,0.5574712643678161,0.5057471264367817,0.2665748,0.16116847,0.49738196,0.0019599248
0.8975903614457831,0.7228915662650602,0.6746987951807228,0.3000339,0.09535625,0.5462372,0.0018271484
0.9069767441860465,0.7848837209302325,0.7674418604651163,0.4173079,0.135475,0.64406145,0.001523919
0.9082969432314411,0.7467248908296943,0.6986899563318777,0.35462612,0.14370175,0.5651001,0.0017725569
0.8739495798319328,0.6512605042016807,0.6428571428571429,0.4404731,0.12000435,0.6920407,0.0013569786
0.8917525773195877,0.8247422680412371,0.7628865979381443,0.25302857,0.15179347,0.48185322,0.0019995247
0.9259259259259259,0.691358024691358,0.6481481481481481,0.36108458,0.13639835,0.55177057,0.0018113265
0.8936170212765957,0.6851063829787234,0.6553191489361702,0.3148796,0.13199426,0.58781546,0.0017043566
0.898989898989899,0.8131313131313131,0.7777777777777778,0.22702694,0.10811995,0.49772596,0.0019590335
0.8924731182795699,0.6612903225806451,0.6397849462365591,0.35658818,0.13617559,0.5726579,0.0017501639
0.8877005347593583,0.6149732620320856,0.5561497326203209,0.2632348,0.1732289,0.51746887,0.0019068387
0.8111888111888111,0.7132867132867133,0.6783216783216783,0.48578498,0.14631759,0.67357045,0.0014226636
0.9504950495049505,0.6336633663366337,0.594059405940594,0.2972358,0.14274228,0.55967826,0.0017884383
0.9130434782608695,0.7391304347826086,0.6521739130434783,0.43157825,0.120599166,0.6658751,0.0014495064
0.7689243027888446,0.6733067729083665,0.43824701195219123,0.34713212,0.13382314,0.59038275,0.0016964796
0.9098712446351931,0.7939914163090128,0.7424892703862661,0.2572981,0.13869788,0.55252284,0.001809163
0.8044692737430168,0.5754189944134078,0.5363128491620112,0.38241345,0.15340288,0.553846,0.0018053505
0.8914285714285715,0.6857142857142857,0.6342857142857142,0.1926672,0.12597673,0.41128924,0.0021636488
0.9109947643979057,0.806282722513089,0.7696335078534031,0.23231974,0.099598266,0.47428113,0.0020183788
0.8678414096916299,0.6299559471365639,0.5947136563876652,0.34252208,0.11855807,0.56753147,0.0017653853
0.9311926605504587,0.7844036697247706,0.7477064220183486,0.24887566,0.11492341,0.47263947,0.002022427
0.9345238095238095,0.6904761904761905,0.6309523809523809,0.27737463,0.19351609,0.4963726,0.0019625372
0.9080459770114943,0.6494252873563219,0.632183908045977,0.36578125,0.2395324,0.5414864,0.0018406054
0.9248554913294798,0.7052023121387283,0.6589595375722543,0.26303062,0.15766875,0.4685212,0.0020325205
0.8787878787878788,0.6,0.5757575757575758,0.3310975,0.14860786,0.5119344,0.0019216752
0.8980891719745223,0.554140127388535,0.535031847133758,0.31804734,0.11927328,0.5757117,0.0017410312
0.885,0.765,0.695,0.27708665,0.13179918,0.52370596,0.0018899273
0.8488888888888889,0.6088888888888889,0.5155555555555555,0.33771607,0.12186278,0.6022004,0.0016597778
0.8902439024390244,0.6280487804878049,0.6158536585365854,0.28570783,0.1642867,0.5097108,0.0019275906
0.916256157635468,0.7192118226600985,0.7044334975369458,0.3056424,0.07146951,0.6028748,0.0016576615
0.9271844660194175,0.6262135922330098,0.5970873786407767,0.2995619,0.15353969,0.5603595,0.0017864512
0.907103825136612,0.644808743169399,0.6120218579234973,0.24257454,0.1443587,0.5076944,0.0019329333
0.9395604395604396,0.6758241758241759,0.6538461538461539,0.43637666,0.13298741,0.6589672,0.0014733392
0.8658008658008658,0.670995670995671,0.6493506493506493,0.3313785,0.15342122,0.59219426,0.0016909012
0.8412698412698413,0.6613756613756614,0.6507936507936508,0.22427694,0.16036971,0.4978706,0.0019586582
0.9230769230769231,0.650887573964497,0.6331360946745562,0.30239427,0.13958867,0.5415154,0.0018405238
0.8938547486033519,0.6983240223463687,0.659217877094972,0.2531715,0.12749024,0.4758046,0.0020146093
0.9166666666666666,0.5925925925925926,0.5601851851851852,0.43696383,0.15595725,0.6883124,0.0013703805
0.8870967741935484,0.7688172043010753,0.7204301075268817,0.24324714,0.09816949,0.50167775,0.0019487484
0.9395604395604396,0.7802197802197802,0.7472527472527473,0.22935043,0.15017033,0.494557,0.0019672222
0.9123711340206185,0.5,0.4845360824742268,0.40002817,0.17834266,0.5472109,0.0018243758
0.8938053097345132,0.6061946902654868,0.5796460176991151,0.363049,0.13944636,0.6299401,0.0015707692
0.9267015706806283,0.7277486910994765,0.7382198952879581,0.34543195,0.098279014,0.54396546,0.001833598
0.9368421052631579,0.7263157894736842,0.6947368421052632,0.30801356,0.17862687,0.5418017,0.001839716
0.9104477611940298,0.6069651741293532,0.5920398009950248,0.3074342,0.1246431,0.54177666,0.0018397868
0.8731707317073171,0.6097560975609756,0.6097560975609756,0.400448,0.157192,0.6039886,0.0016541611
0.9166666666666666,0.7941176470588235,0.7352941176470589,0.23672126,0.075768165,0.4933595,0.0019703032
0.8837209302325582,0.75,0.7325581395348837,0.36411798,0.12146426,0.6334611,0.0015591849
0.9326424870466321,0.8134715025906736,0.7668393782383419,0.22429925,0.11813893,0.45419446,0.0020669464
0.8553191489361702,0.7574468085106383,0.6978723404255319,0.27250957,0.16423602,0.54226696,0.0018384024
0.8743169398907104,0.73224043715847,0.7103825136612022,0.33245063,0.11622936,0.6092803,0.0016374416
0.9047619047619048,0.6031746031746031,0.582010582010582,0.32788074,0.12219241,0.59280187,0.001689026
0.9188191881918819,0.7453874538745388,0.7121771217712177,0.37078258,0.17315216,0.6318222,0.0015645848
0.8914285714285715,0.6057142857142858,0.56,0.29106912,0.10670486,0.5745854,0.0017444053
0.8951965065502183,0.6419213973799127,0.6244541484716157,0.41543669,0.23744597,0.60489106,0.00165132
0.919431279620853,0.6966824644549763,0.6777251184834123,0.37395725,0.15059485,0.5752172,0.0017425135
0.9365853658536586,0.7658536585365854,0.7365853658536585,0.18609817,0.11680738,0.47881228,0.0020071324
0.9224137931034483,0.7155172413793104,0.6853448275862069,0.17505705,0.12662277,0.52518743,0.0018858807
0.9312169312169312,0.783068783068783,0.7566137566137566,0.27504444,0.14004959,0.4483595,0.002080661
0.912751677852349,0.8120805369127517,0.7919463087248322,0.3286564,0.12895757,0.5789172,0.0017313929
0.9104477611940298,0.7810945273631841,0.7263681592039801,0.2639019,0.1326493,0.45726004,0.00205967
0.9056603773584906,0.6918238993710691,0.6540880503144654,0.36537492,0.18053047,0.58445114,0.0017146274
0.8579234972677595,0.726775956284153,0.6612021857923497,0.3710336,0.2200158,0.5816112,0.001723251
0.8686868686868687,0.7744107744107744,0.7407407407407407,0.37671167,0.15932581,0.6063368,0.0016467596
0.9195979899497487,0.7286432160804021,0.678391959798995,0.5451757,0.11586094,0.72685224,0.0012283487
0.8994708994708994,0.5925925925925926,0.5767195767195767,0.25544655,0.11828633,0.5398425,0.0018452347
0.9015544041450777,0.6217616580310881,0.5699481865284974,0.26671398,0.12916793,0.47274584,0.0020221653
0.8855721393034826,0.7611940298507462,0.6915422885572139,0.20767863,0.09281891,0.46671692,0.002036915
0.8715083798882681,0.6033519553072626,0.5810055865921788,0.23020725,0.14393178,0.46373668,0.0020441364
0.8666666666666667,0.8,0.7722222222222223,0.31442356,0.16080803,0.55656004,0.0017975024
0.9313725490196079,0.7794117647058824,0.7352941176470589,0.20760311,0.12949459,0.48794663,0.0019841357
0.9073170731707317,0.7658536585365854,0.7268292682926829,0.1975652,0.09952993,0.5073517,0.0019338392
0.9173553719008265,0.6818181818181818,0.6735537190082644,0.42831948,0.1258761,0.582305,0.001721148
0.9421965317919075,0.7341040462427746,0.7341040462427746,0.2807209,0.14301133,0.5204477,0.0018987871
0.8988095238095238,0.6369047619047619,0.6011904761904762,0.24546893,0.16476794,0.4894384,0.0019803385
0.8865979381443299,0.711340206185567,0.6855670103092784,0.26813442,0.102184944,0.50082815,0.0019509667
0.8675496688741722,0.7483443708609272,0.6754966887417219,0.3309133,0.12048759,0.58730507,0.0017059188
0.8795811518324608,0.7277486910994765,0.6910994764397905,0.22402936,0.09942799,0.4721581,0.0020236112
0.89937106918239,0.6729559748427673,0.6477987421383647,0.28851524,0.14101101,0.5748823,0.0017435164
0.8774703557312253,0.7509881422924901,0.691699604743083,0.31159914,0.13432299,0.53941715,0.00184643
0.8837209302325582,0.6104651162790697,0.6104651162790697,0.23681557,0.13808176,0.44904494,0.0020790591
0.9301075268817204,0.6505376344086021,0.6290322580645161,0.2685969,0.1531385,0.48066583,0.002002501
0.9248554913294798,0.7572254335260116,0.7572254335260116,0.45061222,0.16790135,0.5973888,0.001674809
0.9214659685863874,0.6073298429319371,0.5863874345549738,0.31714374,0.18185611,0.5824476,0.0017207159
0.8967391304347826,0.6304347826086957,0.6195652173913043,0.44295955,0.2106042,0.636857,0.0015479511
0.8958333333333334,0.7875,0.7833333333333333,0.21894722,0.11495794,0.5301657,0.001872199
0.940677966101695,0.7711864406779662,0.75,0.2976894,0.14765182,0.585999,0.0017099092
0.8958333333333334,0.625,0.5416666666666666,0.30909887,0.16316584,0.5489989,0.0018192712
0.9254658385093167,0.7329192546583851,0.6956521739130435,0.32620025,0.21795478,0.46852502,0.0020325114
0.9175257731958762,0.6185567010309279,0.5876288659793815,0.3157822,0.16771036,0.5660923,0.0017696343
0.9124423963133641,0.7880184331797235,0.7419354838709677,0.19268101,0.11933537,0.42978185,0.0021231447
0.9099099099099099,0.7612612612612613,0.7387387387387387,0.22050692,0.09046933,0.48633918,0.0019882144
0.8855421686746988,0.7168674698795181,0.6867469879518072,0.24464326,0.11935477,0.48681083,0.0019870189
0.8382352941176471,0.5490196078431373,0.4852941176470588,0.17493872,0.13003094,0.4670045,0.0020362155
0.8333333333333334,0.5294117647058824,0.5196078431372549,0.2833891,0.08409713,0.47205353,0.0020238685
0.9051724137931034,0.5991379310344828,0.5862068965517241,0.37146467,0.15808131,0.61328137,0.001624703
0.9041666666666667,0.6208333333333333,0.5666666666666667,0.43124655,0.11628328,0.6163447,0.0016148934
0.9411764705882353,0.6764705882352942,0.6568627450980392,0.2578024,0.1749134,0.53766066,0.0018513569
0.9042553191489362,0.5425531914893617,0.5372340425531915,0.28062952,0.13741587,0.53366166,0.0018625134
0.9044943820224719,0.7359550561797753,0.6910112359550562,0.21559465,0.14043258,0.4639949,0.0020435124
0.9203980099502488,0.7761194029850746,0.6965174129353234,0.22087377,0.08116614,0.45800102,0.0020579037
0.902834008097166,0.7975708502024291,0.7692307692307693,0.33290735,0.12137966,0.5681582,0.0017635319
0.9107142857142857,0.7857142857142857,0.75,0.3210868,0.13706833,0.54655176,0.0018262531
0.914572864321608,0.6834170854271356,0.6381909547738693,0.21862322,0.1451756,0.43674496,0.0021074319
0.9562043795620438,0.6423357664233577,0.6277372262773723,0.5012369,0.11516924,0.66003704,0.0014696643
0.8974358974358975,0.8205128205128205,0.7794871794871795,0.22268058,0.1343077,0.47227052,0.0020233346
0.9230769230769231,0.6923076923076923,0.6639676113360324,0.33020487,0.15021665,0.6202404,0.0016023488
0.9263157894736842,0.6578947368421053,0.6105263157894737,0.23861241,0.15813334,0.5219594,0.0018946836
0.9121951219512195,0.6,0.5560975609756098,0.30943462,0.15789042,0.5788327,0.0017316478
0.8397790055248618,0.6408839779005525,0.6243093922651933,0.32879397,0.1761507,0.53754586,0.0018516782
0.8877551020408163,0.5969387755102041,0.5510204081632653,0.37384668,0.12641752,0.5869938,0.0017068707
0.8789473684210526,0.7526315789473684,0.6631578947368421,0.3412537,0.12903835,0.5924084,0.0016902402
0.8529411764705882,0.611764705882353,0.5176470588235295,0.3974459,0.20579518,0.5780538,0.0017339941
0.917098445595855,0.6994818652849741,0.6735751295336787,0.27821273,0.11471461,0.46593457,0.002038815
0.8870056497175142,0.7005649717514124,0.655367231638418,0.32656148,0.19124475,0.5518755,0.0018110247
0.9455445544554455,0.7673267326732673,0.7227722772277227,0.24066012,0.123484164,0.504421,0.0019415612
0.8963730569948186,0.6373056994818653,0.5803108808290155,0.24636602,0.1481562,0.52222586,0.0018939585
0.8921568627450981,0.7843137254901961,0.7647058823529411,0.28852406,0.14216863,0.5329645,0.0018644497
0.87,0.74,0.7,0.21337141,0.14580105,0.46510684,0.002040822
0.8625592417061612,0.6445497630331753,0.6350710900473934,0.32869267,0.14431158,0.61650074,0.0016143927
0.8695652173913043,0.808695652173913,0.7521739130434782,0.34837845,0.113745645,0.60446924,0.0016526483
0.8221343873517787,0.6798418972332015,0.6521739130434783,0.29181057,0.1331089,0.52542245,0.0018852378
0.7940074906367042,0.7265917602996255,0.6741573033707865,0.48189208,0.14549954,0.7132855,0.0012792292
0.9574468085106383,0.6542553191489362,0.5904255319148937,0.3508896,0.15971695,0.5694746,0.001759632
0.8561643835616438,0.6917808219178082,0.6506849315068494,0.5185004,0.14778079,0.7160665,0.0012688772
0.8582995951417004,0.7408906882591093,0.6477732793522267,0.50139356,0.20256977,0.6479774,0.0015107427
0.9333333333333333,0.5380952380952381,0.4714285714285714,0.37414873,0.15851048,0.58834016,0.0017027498
0.9375,0.796875,0.7552083333333334,0.24359435,0.12702619,0.468076,0.0020336064
0.8954545454545455,0.6272727272727273,0.6090909090909091,0.3583088,0.13710979,0.63701624,0.0015474226
0.9027777777777778,0.7152777777777778,0.7013888888888888,0.396021,0.20915446,0.60056317,0.0016649062
0.8907563025210085,0.7394957983193278,0.7184873949579832,0.25847244,0.15019788,0.51674443,0.0019087897
0.8834080717488789,0.726457399103139,0.7085201793721974,0.31805986,0.11475941,0.55762386,0.0017944155
0.919831223628692,0.7426160337552743,0.7046413502109705,0.23786758,0.12370626,0.5272764,0.0018801551
0.8029739776951673,0.6802973977695167,0.6505576208178439,0.3603947,0.15349326,0.6034989,0.0016557006
0.8434782608695652,0.7260869565217392,0.691304347826087,0.324639,0.17871577,0.5226757,0.0018927347
0.8781362007168458,0.7813620071684588,0.7491039426523297,0.3405469,0.14527927,0.53954357,0.001846075
0.7934782608695652,0.6811594202898551,0.6666666666666666,0.3600999,0.091924794,0.6103286,0.0016341117
0.9288537549407114,0.766798418972332,0.7509881422924901,0.41413295,0.16188005,0.6320544,0.001563821
0.8343558282208589,0.6932515337423313,0.656441717791411,0.27754602,0.12336932,0.562226,0.0017809946
0.8333333333333334,0.7745098039215687,0.7156862745098039,0.26963574,0.10440091,0.53054136,0.0018711608
0.9217391304347826,0.7695652173913043,0.7521739130434782,0.25581625,0.13707201,0.53552216,0.0018573334
0.8037974683544303,0.6645569620253164,0.5443037974683544,0.37775356,0.10282775,0.63760006,0.001545485
0.8817204301075269,0.7473118279569892,0.7258064516129032,0.25583428,0.12595923,0.47624493,0.0020135178
0.9161676646706587,0.8263473053892215,0.7784431137724551,0.24516061,0.15906271,0.5104799,0.0019255476
0.8828125,0.6953125,0.68359375,0.38298488,0.15598017,0.5922362,0.0016907718
0.8766519823788547,0.6387665198237885,0.6211453744493393,0.3812398,0.0980797,0.61616683,0.0016154647
0.9176470588235294,0.8176470588235294,0.7941176470588235,0.32324326,0.13659625,0.5573865,0.001795105
0.9197860962566845,0.7112299465240641,0.6844919786096256,0.28209049,0.18456663,0.45431778,0.0020666546
0.8755555555555555,0.7688888888888888,0.7377777777777778,0.2683894,0.14800923,0.52454835,0.0018876275
0.9095238095238095,0.7095238095238096,0.6619047619047619,0.2837412,0.11271045,0.5900357,0.0016975465
0.9043824701195219,0.7569721115537849,0.749003984063745,0.32753563,0.08524236,0.5749053,0.0017434479
0.8324607329842932,0.6910994764397905,0.6387434554973822,0.51402694,0.09563791,0.6988079,0.0013324675
0.871244635193133,0.7854077253218884,0.7553648068669528,0.37531334,0.14465998,0.6057353,0.0016486583
0.9072847682119205,0.7417218543046358,0.7019867549668874,0.37744042,0.1484179,0.6340716,0.0015571698
0.8378378378378378,0.777027027027027,0.7027027027027027,0.25708336,0.13750693,0.49456006,0.0019672143
0.8839779005524862,0.8011049723756906,0.7569060773480663,0.21017024,0.123633035,0.47432274,0.002018276
0.9066666666666666,0.66,0.6266666666666667,0.26582858,0.16474499,0.52233595,0.0018936591
0.8010752688172043,0.6881720430107527,0.6397849462365591,0.29432806,0.19155133,0.50518245,0.0019395594
0.8416289592760181,0.7285067873303167,0.6923076923076923,0.6510084,0.12168815,0.7938208,0.0009631472
0.9303482587064676,0.7761194029850746,0.7263681592039801,0.22207753,0.11111666,0.46919438,0.0020308767
0.8413461538461539,0.5625,0.5288461538461539,0.26405773,0.15526123,0.52544725,0.0018851697
0.8947368421052632,0.6028708133971292,0.5980861244019139,0.34397253,0.15832743,0.58369935,0.0017169145
0.8910891089108911,0.6237623762376238,0.6039603960396039,0.4232598,0.18404838,0.57161045,0.0017532852
0.9294117647058824,0.6764705882352942,0.6529411764705882,0.23392986,0.16987339,0.5315942,0.0018682489
0.9095477386934674,0.6080402010050251,0.5829145728643216,0.2867329,0.08282821,0.5750141,0.0017431217
0.9159663865546218,0.773109243697479,0.7436974789915967,0.2583667,0.13385859,0.5162197,0.0019102012
0.8711340206185567,0.654639175257732,0.6134020618556701,0.30405888,0.17965089,0.5351371,0.001858407
0.8625,0.73125,0.70625,0.40260977,0.123696126,0.61727756,0.0016118968
0.8697318007662835,0.7394636015325671,0.7318007662835249,0.3037893,0.098852284,0.56919503,0.0017604609
0.9213973799126638,0.7816593886462883,0.7554585152838428,0.2691353,0.15952091,0.55204093,0.0018105493
0.9259259259259259,0.6805555555555556,0.6435185185185185,0.44408843,0.17654024,0.6512652,0.001499619
0.934010152284264,0.6142131979695431,0.5888324873096447,0.33765978,0.1331233,0.5750148,0.0017431197
0.921875,0.7552083333333334,0.734375,0.24302703,0.07771153,0.4887651,0.001982054
0.925531914893617,0.7180851063829787,0.6861702127659575,0.51266146,0.15139735,0.63835686,0.0015429702
0.934010152284264,0.7817258883248731,0.7055837563451777,0.4377157,0.26499373,0.56477123,0.0017735244
0.9285714285714286,0.7666666666666667,0.7428571428571429,0.263398,0.089222975,0.5437059,0.0018343333
0.9193548387096774,0.8118279569892473,0.7365591397849462,0.20213038,0.09910576,0.4735908,0.0020200827
0.9166666666666666,0.7222222222222222,0.6990740740740741,0.40381214,0.12633823,0.6434615,0.0015259305
0.8306878306878307,0.783068783068783,0.708994708994709,0.22530444,0.09311864,0.48524186,0.0019909905
0.8938053097345132,0.6283185840707964,0.588495575221239,0.3484806,0.13610283,0.5951616,0.0016817255
0.91875,0.7375,0.675,0.26667374,0.11148028,0.49797714,0.0019583823
0.9459459459459459,0.7081081081081081,0.6918918918918919,0.2781196,0.13295844,0.5119017,0.0019217621
0.89171974522293,0.7515923566878981,0.7006369426751592,0.40544465,0.15646553,0.6051473,0.0016505122
0.9049773755656109,0.7963800904977375,0.746606334841629,0.25586802,0.17572543,0.47711736,0.0020113515
0.8761467889908257,0.7752293577981652,0.7522935779816514,0.22813192,0.12155857,0.48051617,0.0020028758
0.883248730964467,0.5939086294416244,0.5380710659898477,0.284415,0.11464468,0.5705156,0.0017565418
0.9378531073446328,0.7627118644067796,0.7401129943502824,0.2867445,0.13363597,0.5473996,0.0018238379
0.9090909090909091,0.759090909090909,0.7136363636363636,0.30177957,0.09542785,0.5556179,0.001800231
0.9162995594713657,0.7268722466960352,0.6960352422907489,0.29758257,0.13649811,0.5710954,0.0017548179
0.9136690647482014,0.7553956834532374,0.7338129496402878,0.46525532,0.15835845,0.657007,0.001480057
0.9079754601226994,0.6993865030674846,0.6687116564417178,0.3630963,0.11428237,0.61098117,0.0016320365
0.8764705882352941,0.5294117647058824,0.49411764705882355,0.328014,0.1449423,0.5661236,0.0017695421
0.8853211009174312,0.6422018348623854,0.591743119266055,0.38318995,0.16669796,0.6293338,0.0015727576
0.9037433155080213,0.6684491978609626,0.5401069518716578,0.3110051,0.21644033,0.47811747,0.0020088637
0.8666666666666667,0.7688888888888888,0.7022222222222222,0.2795068,0.11556636,0.56668246,0.0017678932
0.9444444444444444,0.6464646464646465,0.6212121212121212,0.28939825,0.1288236,0.56546235,0.0017714907
0.9175824175824175,0.7857142857142857,0.7692307692307693,0.41616407,0.15995264,0.66064525,0.0014675725
0.8795811518324608,0.7905759162303665,0.7486910994764397,0.25195926,0.12496604,0.51740026,0.0019070233
0.8465909090909091,0.6875,0.6534090909090909,0.25309232,0.12392961,0.5035514,0.0019438438
0.92,0.6857142857142857,0.6628571428571428,0.28020623,0.15671015,0.49238995,0.0019727922
0.8980891719745223,0.6815286624203821,0.6305732484076433,0.23948556,0.109909475,0.49177527,0.0019743675
0.9085714285714286,0.7542857142857143,0.7485714285714286,0.37538132,0.16578297,0.51886576,0.0019030684
0.890295358649789,0.6455696202531646,0.6244725738396625,0.2668902,0.120276935,0.5679519,0.0017641423
0.8351648351648352,0.7307692307692307,0.6703296703296703,0.3413231,0.1830626,0.54654545,0.001826271
0.8838383838383839,0.601010101010101,0.5707070707070707,0.40407184,0.18282814,0.6252774,0.0015860106
0.8837209302325582,0.6325581395348837,0.5906976744186047,0.27094898,0.15450388,0.51954955,0.0019012196
0.8627450980392157,0.6421568627450981,0.6225490196078431,0.24463631,0.13278115,0.4815687,0.0020002385
0.9297297297297298,0.7945945945945946,0.7675675675675676,0.23946692,0.11298621,0.4732114,0.0020210182
0.9242424242424242,0.6414141414141414,0.601010101010101,0.44358495,0.14859113,0.6373606,0.0015462801
0.9191919191919192,0.797979797979798,0.7373737373737373,0.2189962,0.124932125,0.44560498,0.0020870734
0.9112426035502958,0.7337278106508875,0.727810650887574,0.3506939,0.1587298,0.5658491,0.0017703507
0.949685534591195,0.7232704402515723,0.6918238993710691,0.40828133,0.12504718,0.6058737,0.0016482216
0.90625,0.7633928571428571,0.71875,0.37854698,0.1632181,0.5975585,0.0016742805
0.9337016574585635,0.7182320441988951,0.6685082872928176,0.24191743,0.1119313,0.5100879,0.0019265893
0.8167330677290837,0.7171314741035857,0.6414342629482072,0.28861567,0.09886837,0.5728232,0.001749671
0.8678414096916299,0.6740088105726872,0.6563876651982379,0.31619018,0.13992569,0.55047023,0.0018150589
0.8756218905472637,0.6119402985074627,0.572139303482587,0.289599,0.13298501,0.52767223,0.001879068
0.8994708994708994,0.7883597883597884,0.7566137566137566,0.34229118,0.1579657,0.5055481,0.001938597
0.8784530386740331,0.7071823204419889,0.6850828729281768,0.34980708,0.10361458,0.5195599,0.0019011917
0.8858267716535433,0.6496062992125984,0.6338582677165354,0.28354037,0.093379274,0.5721744,0.0017516055
0.9402173913043478,0.7989130434782609,0.75,0.21265067,0.09402037,0.48552826,0.0019902666
0.8921568627450981,0.6617647058823529,0.6372549019607843,0.29676303,0.08521007,0.5743128,0.0017452211
0.8994082840236687,0.7692307692307693,0.7159763313609467,0.29090443,0.15254082,0.51927906,0.001901951
0.8737373737373737,0.6161616161616161,0.5606060606060606,0.27197117,0.1283107,0.516115,0.0019104829
0.9105263157894737,0.5947368421052631,0.5631578947368421,0.25743586,0.12643099,0.5382217,0.0018497851
0.8723404255319149,0.6595744680851063,0.6117021276595744,0.40869415,0.20672739,0.6020367,0.0016602912
0.8704663212435233,0.5803108808290155,0.538860103626943,0.29772943,0.119569816,0.5157014,0.001911594
0.9380952380952381,0.7952380952380952,0.7666666666666667,0.19216125,0.09298035,0.46500283,0.0020410737
0.9076923076923077,0.6564102564102564,0.6205128205128205,0.24978234,0.15459815,0.52551895,0.001884974
0.8762376237623762,0.7425742574257426,0.7178217821782178,0.25005665,0.116722204,0.50475764,0.0019406764
0.8944099378881988,0.7639751552795031,0.7329192546583851,0.39309344,0.118659556,0.64116234,0.0015336219
0.9439252336448598,0.8364485981308412,0.7710280373831776,0.36832437,0.16110836,0.59345436,0.0016870102
0.8742138364779874,0.6855345911949685,0.6415094339622641,0.39949688,0.15561669,0.60903335,0.0016382249
0.8814432989690721,0.6804123711340206,0.6185567010309279,0.3812054,0.21010561,0.5756379,0.0017412525
0.8744186046511628,0.7767441860465116,0.7534883720930232,0.22948444,0.093442984,0.5191496,0.0019023009
0.8707865168539326,0.7303370786516854,0.7078651685393258,0.29512638,0.102971256,0.5659702,0.0017699944
0.8084291187739464,0.7126436781609196,0.6819923371647509,0.36948377,0.15050179,0.6098359,0.0016356773
0.9068627450980392,0.7794117647058824,0.75,0.23349966,0.11171785,0.46908793,0.002031137
0.8846153846153846,0.6538461538461539,0.6105769230769231,0.3025269,0.18481444,0.5060372,0.0019373083
0.9296482412060302,0.7839195979899497,0.7437185929648241,0.25212824,0.1045477,0.45818138,0.0020574739
0.8620689655172413,0.6827586206896552,0.6413793103448275,0.29002646,0.20487586,0.52474546,0.001887089
0.9153439153439153,0.6137566137566137,0.5555555555555556,0.26592502,0.14296114,0.53142524,0.0018687168
0.8529411764705882,0.5049019607843137,0.4852941176470588,0.20765829,0.1603095,0.45394224,0.0020675426
0.9195979899497487,0.6231155778894473,0.5979899497487438,0.2875511,0.15045166,0.5611874,0.001784033
0.9090909090909091,0.6022727272727273,0.5625,0.31408957,0.18525712,0.5583607,0.0017922744
0.8362989323843416,0.6690391459074733,0.6476868327402135,0.3315245,0.10819449,0.61347115,0.001624097
0.9010416666666666,0.6458333333333334,0.609375,0.2800187,0.13252285,0.57471937,0.0017440043
0.9430051813471503,0.7979274611398963,0.7461139896373057,0.23721963,0.15706187,0.4605686,0.002051762
0.918918918918919,0.6918918918918919,0.6270270270270271,0.23095226,0.1333386,0.45230994,0.0020713948
0.9548022598870056,0.7627118644067796,0.7231638418079096,0.32495806,0.14216077,0.5542082,0.0018043054
0.8657407407407407,0.625,0.6157407407407407,0.42239127,0.14434698,0.64427304,0.0015232092
0.9289340101522843,0.6142131979695431,0.583756345177665,0.32828343,0.123540014,0.5923444,0.0016904379
0.8618421052631579,0.75,0.743421052631579,0.29780358,0.14519064,0.55970913,0.0017883484
0.9022222222222223,0.6222222222222222,0.5911111111111111,0.5796937,0.12503317,0.75140136,0.0011338436
0.8543689320388349,0.616504854368932,0.616504854368932,0.35058492,0.14562176,0.60138243,0.0016623419
0.9617834394904459,0.6305732484076433,0.6114649681528662,0.4143746,0.17064261,0.628927,0.0015740908
0.9179487179487179,0.6564102564102564,0.6102564102564103,0.3231735,0.13631281,0.5683978,0.0017628226
0.9122807017543859,0.8377192982456141,0.7982456140350878,0.230498,0.09199433,0.5177884,0.0019059771
0.9216867469879518,0.6927710843373494,0.6325301204819277,0.20999214,0.12214919,0.49290225,0.0019714776
0.9235668789808917,0.7261146496815286,0.7006369426751592,0.48822835,0.1022079,0.6644212,0.001454543
0.9082969432314411,0.7292576419213974,0.6419213973799127,0.4719561,0.13150026,0.60525024,0.0016501878
0.892018779342723,0.7370892018779343,0.6995305164319249,0.4296329,0.11081801,0.61583024,0.0016165446
0.8944444444444445,0.7611111111111111,0.7444444444444445,0.355334,0.120007604,0.6043499,0.0016530236
0.8994708994708994,0.7037037037037037,0.671957671957672,0.21180575,0.20568131,0.4559832,0.0020627065
0.9438202247191011,0.8314606741573034,0.7696629213483146,0.23559043,0.14585692,0.49230182,0.0019730183
0.8932584269662921,0.702247191011236,0.6348314606741573,0.26004806,0.13912572,0.4891642,0.0019810374
0.9217877094972067,0.7094972067039106,0.664804469273743,0.28700984,0.14527681,0.53427935,0.0018607959
0.9116279069767442,0.5813953488372093,0.5720930232558139,0.3989835,0.1363712,0.6025435,0.0016587017
0.8927038626609443,0.7811158798283262,0.7424892703862661,0.334354,0.08668568,0.6077229,0.0016423775
0.8823529411764706,0.6218487394957983,0.592436974789916,0.3940461,0.1483681,0.64660704,0.001515363
0.95,0.69375,0.65625,0.27344558,0.14426382,0.48504925,0.001991477
0.8803418803418803,0.6923076923076923,0.6410256410256411,0.4025242,0.123660535,0.6144873,0.0016208473
0.9337349397590361,0.8313253012048193,0.8072289156626506,0.40329474,0.16851574,0.58923054,0.0017000191
0.9222222222222223,0.75,0.6944444444444444,0.25187168,0.16510677,0.43707293,0.002106686
0.8545454545454545,0.7636363636363637,0.7272727272727273,0.34188744,0.111251056,0.6059646,0.0016479347
0.9096385542168675,0.7168674698795181,0.6626506024096386,0.2604456,0.13737886,0.5303254,0.0018717577
0.9207920792079208,0.698019801980198,0.6584158415841584,0.33123517,0.18651386,0.46120566,0.0020502328
0.8115384615384615,0.6653846153846154,0.6038461538461538,0.43785134,0.1306932,0.666726,0.0014465535
0.8859315589353612,0.7110266159695817,0.6920152091254753,0.36650005,0.16658223,0.57580876,0.0017407405
0.9226804123711341,0.6494845360824743,0.6288659793814433,0.27334076,0.15006635,0.52534,0.0018854631
0.9206349206349206,0.5873015873015873,0.5343915343915344,0.2521408,0.13908109,0.527415,0.0018797746
0.9166666666666666,0.625,0.5260416666666666,0.34717163,0.20855303,0.55764765,0.0017943467
0.9430379746835443,0.6772151898734177,0.6329113924050633,0.28732452,0.123618275,0.5117248,0.0019222336
0.9130434782608695,0.6413043478260869,0.592391304347826,0.3513757,0.19056985,0.60913616,0.0016378987
0.8392857142857143,0.7023809523809523,0.6428571428571429,0.3642145,0.15400092,0.58537465,0.0017118137
0.9155555555555556,0.7866666666666666,0.7333333333333333,0.28818345,0.13570575,0.53111047,0.0018695878
0.9289340101522843,0.6954314720812182,0.6598984771573604,0.3371808,0.15950428,0.5528063,0.0018083467
0.9008620689655172,0.8189655172413793,0.728448275862069,0.28051832,0.09516457,0.5490666,0.0018190778
0.8994708994708994,0.7619047619047619,0.7301587301587301,0.24654807,0.13038275,0.4736392,0.0020199635
0.8791208791208791,0.6593406593406593,0.6208791208791209,0.31583378,0.12302604,0.5363307,0.0018550768
0.9282700421940928,0.7890295358649789,0.7383966244725738,0.22755824,0.13690539,0.50432277,0.0019418193
0.8636363636363636,0.6363636363636364,0.6079545454545454,0.40840828,0.1577003,0.61412746,0.0016219985
0.8914285714285715,0.72,0.6685714285714286,0.2807807,0.10323313,0.56064403,0.0017856205
0.8898678414096917,0.7268722466960352,0.7048458149779736,0.2328549,0.09944885,0.5050391,0.0019399362
0.9157303370786517,0.6460674157303371,0.6292134831460674,0.27047604,0.08173107,0.5677529,0.001764731
0.9047619047619048,0.6455026455026455,0.5978835978835979,0.32197127,0.14411458,0.5436288,0.0018345515
0.8791666666666667,0.7458333333333333,0.6958333333333333,0.29522347,0.14789163,0.5684649,0.0017626242
0.9557522123893806,0.6946902654867256,0.672566371681416,0.43099877,0.21991661,0.64325714,0.0015266156
0.9142857142857143,0.7666666666666667,0.7333333333333333,0.20221244,0.110518076,0.4675923,0.002034785
0.8926829268292683,0.7317073170731707,0.697560975609756,0.28932515,0.1699403,0.50590587,0.0019376542
0.8947368421052632,0.784688995215311,0.7416267942583732,0.23046687,0.12486248,0.48096716,0.0020017463
0.9068627450980392,0.6323529411764706,0.5735294117647058,0.25918177,0.16160713,0.4483745,0.0020806256
0.9184782608695652,0.6956521739130435,0.657608695652174,0.19040614,0.109393,0.44593892,0.002086298
0.9050632911392406,0.7848101265822784,0.7278481012658228,0.36638188,0.14429598,0.6248535,0.0015873909
0.9294871794871795,0.6153846153846154,0.5769230769230769,0.3285712,0.128206,0.6309635,0.001567409
0.9123505976095617,0.7051792828685259,0.6972111553784861,0.35350418,0.14543444,0.5295742,0.0018738311
0.8813559322033898,0.7288135593220338,0.673728813559322,0.3173233,0.13566728,0.55783856,0.0017937924
0.8924050632911392,0.7658227848101266,0.7341772151898734,0.42523542,0.14377108,0.5900687,0.0016974453
0.9016393442622951,0.7595628415300546,0.726775956284153,0.19735141,0.10366207,0.48766917,0.001984841
0.8978494623655914,0.6344086021505376,0.5698924731182796,0.4005622,0.1435051,0.58018196,0.0017275753
0.9428571428571428,0.7357142857142858,0.6785714285714286,0.26305044,0.10375729,0.46751732,0.0020349675
0.9209302325581395,0.7767441860465116,0.7395348837209302,0.21913724,0.12288056,0.44615132,0.0020858047
0.9319148936170213,0.7702127659574468,0.7489361702127659,0.32878864,0.14759204,0.56870425,0.0017619152
0.8633879781420765,0.7431693989071039,0.6885245901639344,0.3603451,0.20026003,0.63203526,0.001563884
0.8960396039603961,0.693069306930693,0.6683168316831684,0.30603355,0.17134662,0.5284877,0.0018768245
0.8298755186721992,0.6763485477178424,0.6307053941908713,0.4736739,0.13301267,0.7028374,0.0013177594
0.9305555555555556,0.6203703703703703,0.5879629629629629,0.26767656,0.18055233,0.53900933,0.0018475753
0.9156626506024096,0.7048192771084337,0.6927710843373494,0.40836173,0.22335114,0.62295157,0.0015935715
0.9210526315789473,0.7763157894736842,0.7543859649122807,0.3676076,0.104701616,0.62957567,0.0015719645
0.863905325443787,0.6745562130177515,0.6627218934911243,0.4863609,0.13580193,0.6778983,0.0014074323
0.8888888888888888,0.6153846153846154,0.594017094017094,0.4611863,0.1811818,0.69812924,0.001334936
0.9365079365079365,0.8148148148148148,0.8042328042328042,0.38599548,0.15716141,0.6622654,0.0014619908
0.9365079365079365,0.6084656084656085,0.5767195767195767,0.32784465,0.1258696,0.58392596,0.0017162254
0.9414414414414415,0.6891891891891891,0.6891891891891891,0.34208232,0.10468837,0.63108814,0.0015669992
0.8119266055045872,0.6651376146788991,0.6238532110091743,0.31311977,0.16156426,0.5912235,0.0016938929
0.9146341463414634,0.7012195121951219,0.6585365853658537,0.34281948,0.19478366,0.48457074,0.0019926855
0.8959276018099548,0.7782805429864253,0.7375565610859729,0.32457724,0.10770846,0.5589726,0.0017904938
0.91324200913242,0.8447488584474886,0.7579908675799086,0.20234023,0.11977797,0.47403273,0.002018992
0.8713450292397661,0.7251461988304093,0.6900584795321637,0.24770711,0.13245885,0.53001606,0.001872612
0.915929203539823,0.6504424778761062,0.6371681415929203,0.3161126,0.20615862,0.6164351,0.0016146037
0.910828025477707,0.6878980891719745,0.6369426751592356,0.26620206,0.1519789,0.48437586,0.001993177
0.9314285714285714,0.6514285714285715,0.6057142857142858,0.27630028,0.18083401,0.490497,0.0019776374
0.92,0.8,0.76,0.24823956,0.1180598,0.48539072,0.0019906142
0.8767123287671232,0.8082191780821918,0.6621004566210046,0.32687244,0.20397389,0.53824735,0.0018497132
0.900990099009901,0.6138613861386139,0.5841584158415841,0.35590768,0.1274154,0.6040187,0.0016540667
0.8770949720670391,0.7653631284916201,0.6815642458100558,0.29211244,0.16099279,0.52662724,0.0018819369
0.9134615384615384,0.7836538461538461,0.7355769230769231,0.28517982,0.13588159,0.48978266,0.001979461
0.8930232558139535,0.7674418604651163,0.7348837209302326,0.1944071,0.13723233,0.44125667,0.002097116
0.9135135135135135,0.6864864864864865,0.6594594594594595,0.22360744,0.112514086,0.4362938,0.0021084575
0.762589928057554,0.5611510791366906,0.5323741007194245,0.34638235,0.12954935,0.5809563,0.0017252337
0.9,0.7523809523809524,0.7380952380952381,0.339019,0.14994532,0.5752862,0.0017423067
0.9120879120879121,0.7252747252747253,0.6703296703296703,0.20828365,0.13864572,0.44464114,0.0020893079
0.8697674418604651,0.7767441860465116,0.7627906976744186,0.2702547,0.10548717,0.57372224,0.0017469865
0.8861788617886179,0.7398373983739838,0.7235772357723578,0.35241675,0.13052444,0.59165996,0.001692548
0.8079710144927537,0.677536231884058,0.6485507246376812,0.40910515,0.16667785,0.6137244,0.0016232873
0.906832298136646,0.6645962732919255,0.6273291925465838,0.2654902,0.13725792,0.53734344,0.0018522447
0.9295154185022027,0.7400881057268722,0.7136563876651982,0.27474213,0.11881907,0.5450942,0.0018303966
0.9230769230769231,0.6490384615384616,0.6057692307692307,0.3138718,0.13030325,0.5409048,0.0018422449
0.8383838383838383,0.6363636363636364,0.6212121212121212,0.34160578,0.121904396,0.5941147,0.0016849679
0.8708133971291866,0.6507177033492823,0.6076555023923444,0.2163224,0.14288515,0.45079407,0.0020749604
0.8829268292682927,0.6439024390243903,0.5951219512195122,0.28044635,0.15081163,0.5260186,0.0018836051
0.875,0.655,0.59,0.29901567,0.13827698,0.5617318,0.0017824412
0.8596491228070176,0.672514619883041,0.631578947368421,0.42771822,0.25176296,0.5933831,0.0016872305
0.8853754940711462,0.7154150197628458,0.7075098814229249,0.36193043,0.16203813,0.5734751,0.0017477246
0.864516129032258,0.6387096774193548,0.5935483870967742,0.37498915,0.18491511,0.5317878,0.0018677125
0.8924050632911392,0.6708860759493671,0.6265822784810127,0.38250053,0.15201376,0.6144169,0.0016210726
0.890625,0.6770833333333334,0.6510416666666666,0.26745746,0.14703707,0.53145164,0.0018686438
0.8860759493670886,0.70042194092827,0.679324894514768,0.28661495,0.10893057,0.53277713,0.0018649702
0.8686440677966102,0.6483050847457628,0.6059322033898306,0.254032,0.109611146,0.5305603,0.001871109
0.8864864864864865,0.7243243243243244,0.6810810810810811,0.19496575,0.18358302,0.5163241,0.0019099201
0.8983050847457628,0.615819209039548,0.5819209039548022,0.2981169,0.13191439,0.5592401,0.0017897151
0.896551724137931,0.7586206896551724,0.728448275862069,0.26287884,0.16772035,0.5383167,0.0018495185
0.874439461883408,0.7713004484304933,0.7309417040358744,0.36142948,0.15566319,0.5931002,0.0016881049
0.8858447488584474,0.6529680365296804,0.6301369863013698,0.3290899,0.17778544,0.6134716,0.0016240953
0.9297297297297298,0.6756756756756757,0.6324324324324324,0.28082398,0.14705564,0.5289396,0.0018755806
0.8866995073891626,0.6798029556650246,0.6551724137931034,0.3178909,0.092107706,0.58010787,0.0017277993
0.8983957219251337,0.6577540106951871,0.6149732620320856,0.30707195,0.15759987,0.5702413,0.0017573567
0.87248322147651,0.7516778523489933,0.7181208053691275,0.3717283,0.15497254,0.5580107,0.001793292
0.9363636363636364,0.65,0.6227272727272727,0.41255924,0.13660794,0.687304,0.0013739929
0.9132947976878613,0.7514450867052023,0.6994219653179191,0.26147664,0.12595429,0.50401384,0.0019426305
0.8617511520737328,0.6774193548387096,0.576036866359447,0.2908315,0.16622153,0.53442276,0.0018603966
0.8108108108108109,0.6324324324324324,0.5351351351351351,0.22247893,0.18606888,0.4520287,0.0020720575
0.9182389937106918,0.779874213836478,0.7358490566037735,0.2979971,0.11823745,0.610201,0.0016345178
0.8956521739130435,0.6826086956521739,0.6260869565217392,0.31517863,0.15661943,0.5973664,0.0016748785
0.9345238095238095,0.6607142857142857,0.625,0.26396367,0.19050445,0.45968515,0.0020538792
0.9318181818181818,0.7272727272727273,0.6988636363636364,0.3772942,0.13081966,0.58675885,0.0017075884
0.8742138364779874,0.6729559748427673,0.5974842767295597,0.535608,0.13899396,0.68987364,0.0013647769
0.9322916666666666,0.6354166666666666,0.5989583333333334,0.23024492,0.1458446,0.45305344,0.002069642
0.8922413793103449,0.7629310344827587,0.7025862068965517,0.2877065,0.11408148,0.5523818,0.0018095686
0.900497512437811,0.6119402985074627,0.5621890547263682,0.31208867,0.1562014,0.5390049,0.0018475879
0.8532110091743119,0.7889908256880734,0.7293577981651376,0.26837003,0.13844132,0.5404356,0.0018435661
0.9105263157894737,0.6210526315789474,0.6,0.27803966,0.1436387,0.5304311,0.0018714658
0.9367816091954023,0.6666666666666666,0.6264367816091954,0.2605693,0.12047921,0.5186193,0.0019037346
0.8507462686567164,0.7014925373134329,0.681592039800995,0.30145013,0.13552463,0.53296196,0.0018644574
0.9226519337016574,0.6740331491712708,0.6132596685082873,0.34571362,0.14981087,0.55421317,0.0018042912
0.8211009174311926,0.6880733944954128,0.6697247706422018,0.3267095,0.1354079,0.57887936,0.0017315071
0.8461538461538461,0.6477732793522267,0.6194331983805668,0.36014512,0.12197745,0.6276771,0.0015781807
0.8923076923076924,0.8051282051282052,0.7487179487179487,0.20670061,0.13259915,0.4801176,0.0020038725
0.8571428571428571,0.6813186813186813,0.6208791208791209,0.20979768,0.12398951,0.49352756,0.001969871
0.912568306010929,0.7923497267759563,0.7704918032786885,0.23157129,0.13536863,0.48084256,0.0020020583
0.8553719008264463,0.7396694214876033,0.7231404958677686,0.41166177,0.087017104,0.6251807,0.0015863259
0.808,0.696,0.624,0.30247197,0.15579301,0.5461489,0.0018273997
0.845360824742268,0.634020618556701,0.6082474226804123,0.36399645,0.12714298,0.5593998,0.0017892498
0.9108910891089109,0.6287128712871287,0.594059405940594,0.251679,0.13737163,0.56263024,0.0017798105
0.9079754601226994,0.7423312883435583,0.7177914110429447,0.31801552,0.19489178,0.5533979,0.0018066425
0.8857142857142857,0.7510204081632653,0.7061224489795919,0.221095,0.11648695,0.5096715,0.0019276952
0.8571428571428571,0.6263736263736264,0.5384615384615384,0.34000057,0.15354061,0.5309866,0.0018699303
0.8512396694214877,0.7355371900826446,0.6776859504132231,0.36769506,0.12199553,0.6191725,0.0016057953
0.9560975609756097,0.6731707317073171,0.6487804878048781,0.29395926,0.14896372,0.55031824,0.0018154946
0.9157894736842105,0.6105263157894737,0.5684210526315789,0.28839022,0.13598925,0.5370251,0.0018531358
0.8585858585858586,0.5959595959595959,0.5505050505050505,0.3195174,0.18424475,0.4847735,0.0019921737
0.8903225806451613,0.7483870967741936,0.6903225806451613,0.34092885,0.15697469,0.59243596,0.0016901555
0.8865546218487395,0.8067226890756303,0.7941176470588235,0.4423047,0.12898558,0.6313504,0.0015661372
0.8304093567251462,0.695906432748538,0.6257309941520468,0.455611,0.14789571,0.66294783,0.0014596361
0.9128205128205128,0.6666666666666666,0.6410256410256411,0.2384301,0.11881484,0.44892496,0.0020793397
0.9147982062780269,0.7713004484304933,0.7085201793721974,0.28444022,0.13977079,0.5262968,0.0018828431
0.9216589861751152,0.6866359447004609,0.6589861751152074,0.29401532,0.2006451,0.47364244,0.0020199553
0.9109947643979057,0.7643979057591623,0.7015706806282722,0.44454494,0.16509958,0.61489105,0.0016195547
0.9415584415584416,0.6688311688311688,0.5974025974025974,0.39954147,0.16872248,0.60576457,0.0016485658
0.9022988505747126,0.7586206896551724,0.632183908045977,0.38039136,0.14314544,0.5735083,0.0017476258
0.8938547486033519,0.6927374301675978,0.6703910614525139,0.3331365,0.12544727,0.57086974,0.0017554886
0.8044444444444444,0.6711111111111111,0.5511111111111111,0.41889265,0.15485163,0.6012806,0.0016626607
0.935064935064935,0.6428571428571429,0.6298701298701299,0.394442,0.1409148,0.6402889,0.0015365366
0.9269662921348315,0.6853932584269663,0.6629213483146067,0.23653795,0.15789399,0.4804838,0.0020029566
0.9534883720930233,0.7441860465116279,0.6918604651162791,0.37618697,0.1597379,0.6297812,0.0015712908
0.8864864864864865,0.7189189189189189,0.7027027027027027,0.3301666,0.1581214,0.5689289,0.0017612498
0.8956043956043956,0.6098901098901099,0.532967032967033,0.30797368,0.14468749,0.51989466,0.0019002854
0.9054726368159204,0.5970149253731343,0.5572139303482587,0.26818517,0.13676803,0.54555243,0.0018290948
0.94,0.765,0.73,0.2494816,0.13036999,0.46021357,0.0020526133
0.8722222222222222,0.7944444444444444,0.7444444444444445,0.25925905,0.14354354,0.46952417,0.0020300706
0.8326180257510729,0.776824034334764,0.721030042918455,0.30076116,0.13103335,0.5683966,0.0017628263
0.8804347826086957,0.7771739130434783,0.7445652173913043,0.34443504,0.1703627,0.5990908,0.0016695057
0.9211822660098522,0.7881773399014779,0.7635467980295566,0.23556085,0.13033712,0.46004322,0.0020530215
0.8311111111111111,0.64,0.5911111111111111,0.30535913,0.16852038,0.52743345,0.0018797241
0.9060773480662984,0.6132596685082873,0.5911602209944752,0.36675614,0.15566607,0.554588,0.0018032087
0.9267015706806283,0.7801047120418848,0.7277486910994765,0.23211113,0.11453806,0.4788156,0.0020071242
0.8703703703703703,0.7654320987654321,0.7037037037037037,0.3021937,0.18543068,0.6168807,0.0016131724
0.88,0.58,0.545,0.33796418,0.1538318,0.582277,0.0017212331
0.8579881656804734,0.7396449704142012,0.6686390532544378,0.30599678,0.14587733,0.5336199,0.0018626297
0.8924731182795699,0.7419354838709677,0.7096774193548387,0.3513164,0.116144195,0.6224816,0.0015950954
0.896551724137931,0.6108374384236454,0.5862068965517241,0.2916264,0.16914138,0.5495353,0.0018177371
0.92,0.61,0.585,0.30500016,0.17728929,0.58952624,0.0016991115
0.8669950738916257,0.6945812807881774,0.5960591133004927,0.44559038,0.22118819,0.63584983,0.0015512895
0.7817258883248731,0.5583756345177665,0.5431472081218274,0.38771227,0.21451235,0.55782336,0.0017938362
0.8735632183908046,0.7298850574712644,0.6781609195402298,0.26861408,0.10226874,0.46752784,0.002034942
0.8875739644970414,0.6331360946745562,0.5798816568047337,0.35131246,0.12389467,0.528531,0.0018767054
0.91005291005291,0.671957671957672,0.6507936507936508,0.20645969,0.11052664,0.4410768,0.0020975291
0.7488789237668162,0.5246636771300448,0.48878923766816146,0.28797668,0.12265704,0.54979354,0.0018169977
0.884393063583815,0.6820809248554913,0.6242774566473989,0.2083647,0.1255483,0.43926528,0.0021016824
0.9319371727748691,0.7539267015706806,0.7382198952879581,0.35707146,0.13371739,0.58622134,0.0017092306
0.8823529411764706,0.6203208556149733,0.5989304812834224,0.26287934,0.15412486,0.5695891,0.0017592926
0.9261083743842364,0.7241379310344828,0.6748768472906403,0.24910235,0.105163164,0.47931322,0.0020058823
0.9476439790575916,0.774869109947644,0.7382198952879581,0.23172306,0.09191235,0.47351858,0.0020202608
0.8353658536585366,0.6890243902439024,0.6402439024390244,0.23790596,0.13402049,0.48132274,0.0020008553
0.8956043956043956,0.7362637362637363,0.7142857142857143,0.28559107,0.16429162,0.48142654,0.0020005952
0.9064039408866995,0.5911330049261084,0.5517241379310345,0.37519273,0.24128939,0.6179298,0.0016097991
0.8882978723404256,0.6861702127659575,0.6223404255319149,0.28758302,0.20498545,0.5178,0.001905946
0.8717948717948718,0.6153846153846154,0.5846153846153846,0.3613278,0.19829273,0.58232105,0.0017210991
0.825503355704698,0.7046979865771812,0.610738255033557,0.3962952,0.14419466,0.62644285,0.0015822122
0.9230769230769231,0.6256410256410256,0.6,0.3667003,0.07417622,0.59748805,0.0016745003
0.8688524590163934,0.7377049180327869,0.6721311475409836,0.28807405,0.20987429,0.53096247,0.0018699974
0.897196261682243,0.8037383177570093,0.7616822429906542,0.24706203,0.09198231,0.5252681,0.0018856601
0.9230769230769231,0.7948717948717948,0.7243589743589743,0.50479317,0.10713805,0.6868111,0.0013757562
0.8706467661691543,0.6716417910447762,0.6567164179104478,0.31998867,0.110768735,0.6078648,0.0016419276
0.888,0.728,0.692,0.2819571,0.12503813,0.56667775,0.001767907
0.9136363636363637,0.6227272727272727,0.6,0.31367317,0.14698996,0.5893777,0.0016995678
0.8803827751196173,0.7464114832535885,0.6985645933014354,0.38208973,0.14759016,0.6449543,0.0015209218
0.9261363636363636,0.7727272727272727,0.7386363636363636,0.29150593,0.11099405,0.51887405,0.0019030463
0.9084967320261438,0.7124183006535948,0.673202614379085,0.30845726,0.13601439,0.50608665,0.0019371783
0.8442211055276382,0.49748743718592964,0.44221105527638194,0.35816818,0.17326723,0.5958059,0.0016797275
0.8905472636815921,0.6865671641791045,0.6567164179104478,0.3493847,0.13567302,0.60129404,0.0016626181
0.8715083798882681,0.7541899441340782,0.6871508379888268,0.4115985,0.18073717,0.5718768,0.001752492
0.8932584269662921,0.7471910112359551,0.7134831460674157,0.2644048,0.12777783,0.5115633,0.0019226641
0.9210526315789473,0.6157894736842106,0.5894736842105263,0.34877235,0.12588194,0.6066691,0.00164571
0.9022988505747126,0.7068965517241379,0.6609195402298851,0.27644032,0.12581494,0.51271987,0.0019195791
0.9170506912442397,0.7695852534562212,0.7235023041474654,0.2976645,0.09210319,0.5608201,0.0017851066
0.8691099476439791,0.6230366492146597,0.5759162303664922,0.30796266,0.14496261,0.5430565,0.0018361713
0.8755980861244019,0.6889952153110048,0.6172248803827751,0.32024777,0.16327561,0.5820558,0.0017219038
0.9139344262295082,0.75,0.7336065573770492,0.40667734,0.17183648,0.5901326,0.0016972488
0.9054726368159204,0.7213930348258707,0.7064676616915423,0.40440014,0.11981349,0.62826824,0.0015762476
0.845360824742268,0.7010309278350515,0.6752577319587629,0.3510516,0.14750308,0.5701902,0.0017575085
0.9464285714285714,0.7023809523809523,0.6428571428571429,0.24645154,0.14921638,0.49039468,0.0019778989
0.9447236180904522,0.6231155778894473,0.6030150753768844,0.22031352,0.11464455,0.49858022,0.0019568172
0.8972972972972973,0.6594594594594595,0.6324324324324324,0.41745424,0.21309647,0.6079656,0.0016416087
0.8909090909090909,0.7393939393939394,0.7333333333333333,0.2912517,0.14749996,0.5160092,0.0019107672
0.9012345679012346,0.7283950617283951,0.7098765432098766,0.39249873,0.17089108,0.6139342,0.0016226167
0.9146341463414634,0.7479674796747967,0.7479674796747967,0.3610053,0.13971032,0.61865246,0.0016074716
0.8961748633879781,0.6775956284153005,0.6120218579234973,0.29665032,0.19514453,0.56628484,0.0017690664
0.9130434782608695,0.5893719806763285,0.5458937198067633,0.3550082,0.16049573,0.5727157,0.0017499911
0.875,0.771551724137931,0.7543103448275862,0.26970667,0.12949775,0.55638486,0.0017980101
0.9010416666666666,0.8072916666666666,0.7864583333333334,0.26670462,0.12137719,0.49456078,0.0019672124
0.8340080971659919,0.7206477732793523,0.6680161943319838,0.32814813,0.10400316,0.5857034,0.0017108113
0.9214659685863874,0.612565445026178,0.5968586387434555,0.3788953,0.0893029,0.60658765,0.0016459674
0.9440993788819876,0.8012422360248447,0.7577639751552795,0.25069845,0.13941532,0.53502226,0.0018587271
0.9041095890410958,0.6917808219178082,0.5753424657534246,0.44315597,0.13553095,0.6729827,0.0014247246
0.9128440366972477,0.7798165137614679,0.7477064220183486,0.28088754,0.09701222,0.5736958,0.0017470657
0.8726415094339622,0.6839622641509434,0.660377358490566,0.2408338,0.13150702,0.5389406,0.0018477683
0.8974358974358975,0.7897435897435897,0.7282051282051282,0.21839151,0.09042759,0.4971041,0.0019606447
0.9301075268817204,0.6774193548387096,0.6182795698924731,0.26746657,0.10495726,0.48444203,0.0019930103
0.8956521739130435,0.6956521739130435,0.6826086956521739,0.45468086,0.17566635,0.6206211,0.0016011186
0.8160919540229885,0.6954022988505747,0.6666666666666666,0.19266354,0.117021315,0.40628397,0.0021743055
0.9244186046511628,0.7209302325581395,0.6976744186046512,0.41199487,0.12049562,0.6517924,0.0014978299
0.8947368421052632,0.7324561403508771,0.7017543859649122,0.24064328,0.13036413,0.5205033,0.0018986362
0.9433962264150944,0.7484276729559748,0.6477987421383647,0.25157082,0.1837693,0.5131339,0.0019184729
0.8833333333333333,0.6777777777777778,0.6666666666666666,0.37126034,0.15620007,0.6241121,0.0015898021
0.8484848484848485,0.5959595959595959,0.5808080808080808,0.19687974,0.17819563,0.50286,0.0019456554
0.898876404494382,0.651685393258427,0.6235955056179775,0.30266312,0.1339851,0.5467242,0.0018257621
0.8407960199004975,0.7014925373134329,0.6666666666666666,0.30000028,0.19592027,0.4925146,0.0019724723
0.8582995951417004,0.7692307692307693,0.728744939271255,0.23851249,0.15102811,0.52211833,0.0018942513
0.8996282527881041,0.7472118959107806,0.7323420074349443,0.3730403,0.14987136,0.6055689,0.0016491829
0.9079497907949791,0.6234309623430963,0.602510460251046,0.2855867,0.119131014,0.56695926,0.0017670762
0.875968992248062,0.689922480620155,0.6744186046511628,0.37678358,0.11723552,0.60784066,0.0016420047
0.8785046728971962,0.7850467289719626,0.7476635514018691,0.18044658,0.12069339,0.43743226,0.0021058673
0.9098712446351931,0.6952789699570815,0.5965665236051502,0.48549232,0.16441512,0.6927178,0.0013545365
0.8427672955974843,0.6918238993710691,0.6729559748427673,0.3252103,0.15105629,0.59006715,0.0016974503
0.8958333333333334,0.8229166666666666,0.7916666666666666,0.28347647,0.09267257,0.52884793,0.001875833
0.868020304568528,0.5583756345177665,0.5329949238578681,0.3126226,0.11186561,0.53100693,0.0018698742
0.8636363636363636,0.6464646464646465,0.5858585858585859,0.31856522,0.18104742,0.4409916,0.002097725
0.8853211009174312,0.6100917431192661,0.5779816513761468,0.24897441,0.18246193,0.49948454,0.0019544668
0.907103825136612,0.6666666666666666,0.6284153005464481,0.31787702,0.15287335,0.5358079,0.0018565365
0.8779342723004695,0.704225352112676,0.6572769953051644,0.30593145,0.11567962,0.5702871,0.00175722
0.8600823045267489,0.6995884773662552,0.6790123456790124,0.2879646,0.11386219,0.54270273,0.0018371713
0.8723404255319149,0.7978723404255319,0.7606382978723404,0.29768863,0.11346832,0.49641207,0.0019624352
0.9,0.7222222222222222,0.6833333333333333,0.2906569,0.20456682,0.5195062,0.0019013366
0.8232323232323232,0.5909090909090909,0.5505050505050505,0.30902725,0.06577931,0.59101677,0.0016945293
0.8848167539267016,0.8534031413612565,0.7905759162303665,0.23197633,0.15329616,0.44425312,0.0020902064
0.9096045197740112,0.7344632768361582,0.6440677966101694,0.25559136,0.11868406,0.45348394,0.0020686258
0.912621359223301,0.6310679611650486,0.5922330097087378,0.28385532,0.11677261,0.5297551,0.0018733321
0.8980582524271845,0.6262135922330098,0.5922330097087378,0.31758887,0.15175265,0.6064598,0.0016463712
0.892018779342723,0.784037558685446,0.7605633802816901,0.27745557,0.112453364,0.56425506,0.0017750418
0.9597989949748744,0.8090452261306532,0.7386934673366834,0.23871952,0.10155798,0.5009931,0.0019505364
0.8367346938775511,0.7193877551020408,0.6632653061224489,0.4339452,0.10252724,0.68078053,0.0013972339
0.8533333333333334,0.6311111111111111,0.5511111111111111,0.223584,0.13107817,0.46647504,0.0020375028
0.8426395939086294,0.6751269035532995,0.6091370558375635,0.28301823,0.10968846,0.5157996,0.0019113302
0.8509316770186336,0.6894409937888198,0.6335403726708074,0.51149976,0.12048037,0.69305474,0.0013533207
0.923469387755102,0.7142857142857143,0.6479591836734694,0.2708201,0.1014606,0.5041856,0.0019421792
0.9339622641509434,0.6037735849056604,0.5849056603773585,0.31299698,0.13782705,0.5993602,0.001668665
0.8517110266159695,0.6958174904942965,0.6311787072243346,0.44663653,0.11849193,0.6619092,0.0014632189
0.8531073446327684,0.6214689265536724,0.5875706214689266,0.3402129,0.0824194,0.54238546,0.0018380679
0.9157303370786517,0.6797752808988764,0.6460674157303371,0.29198715,0.09947961,0.5495845,0.001817596
0.8947368421052632,0.7105263157894737,0.6907894736842105,0.42642725,0.13145994,0.62413865,0.0015897158
0.8787878787878788,0.7792207792207793,0.7316017316017316,0.23648345,0.100348316,0.51521176,0.0019129083
0.9130434782608695,0.7329192546583851,0.6956521739130435,0.21272834,0.12924933,0.45677102,0.002060834
0.8893617021276595,0.7574468085106383,0.6978723404255319,0.3641142,0.12366404,0.57405657,0.0017459873
0.8767772511848341,0.7819905213270142,0.7393364928909952,0.26380318,0.13702078,0.5021466,0.0019475227
0.9435897435897436,0.6717948717948717,0.6358974358974359,0.3404033,0.15774566,0.5923693,0.0016903611
0.9452054794520548,0.6621004566210046,0.6438356164383562,0.35609785,0.1281303,0.6141462,0.0016219384
0.8780487804878049,0.7926829268292683,0.7479674796747967,0.29751092,0.119611606,0.5852237,0.0017122744
0.8333333333333334,0.6987179487179487,0.6410256410256411,0.39729398,0.16292074,0.54634345,0.001826846
0.8644859813084113,0.6635514018691588,0.5607476635514018,0.28668875,0.21301001,0.4910218,0.0019762956
0.9367816091954023,0.8045977011494253,0.7758620689655172,0.2355162,0.095348194,0.4635116,0.0020446798
0.9148936170212766,0.6382978723404256,0.6340425531914894,0.4169145,0.13764133,0.64220256,0.0015301453
0.8564356435643564,0.599009900990099,0.5891089108910891,0.33677584,0.113133416,0.59554744,0.0016805293
0.9459459459459459,0.745945945945946,0.6810810810810811,0.43723488,0.13523047,0.6453576,0.0015195665
0.9388888888888889,0.8055555555555556,0.7555555555555555,0.2559059,0.15254295,0.4765154,0.0020128465
0.8923766816143498,0.7892376681614349,0.7668161434977578,0.2097351,0.105314516,0.5107217,0.0019249046
0.8770053475935828,0.6951871657754011,0.6524064171122995,0.42473388,0.2022623,0.5816883,0.0017230174
0.9310344827586207,0.771551724137931,0.7370689655172413,0.25308815,0.16300346,0.5616076,0.0017828044
0.900523560209424,0.5916230366492147,0.581151832460733,0.32080215,0.21245506,0.45951286,0.0020542915
0.9011627906976745,0.7906976744186046,0.7558139534883721,0.24953368,0.0793758,0.48001054,0.0020041403
0.8657407407407407,0.7916666666666666,0.7222222222222222,0.23231895,0.11439377,0.48589927,0.001989328
0.9198113207547169,0.7830188679245284,0.7358490566037735,0.24525532,0.11205089,0.45875487,0.0020561041
0.9227272727272727,0.7772727272727272,0.759090909090909,0.24067171,0.13607062,0.543586,0.0018346725
0.87,0.69,0.615,0.24531493,0.12566577,0.5696612,0.0017590785
0.9444444444444444,0.7944444444444444,0.75,0.39004377,0.12821445,0.60758334,0.0016428191
0.8983050847457628,0.614406779661017,0.5889830508474576,0.3677082,0.22812125,0.6427212,0.0015284101
0.8914285714285715,0.6742857142857143,0.6285714285714286,0.22106819,0.09773998,0.43101034,0.002120391
0.905829596412556,0.6681614349775785,0.6367713004484304,0.31248304,0.12521836,0.5851248,0.0017125756
0.8979591836734694,0.6173469387755102,0.5867346938775511,0.298851,0.16393487,0.5629953,0.0017787403
0.8602150537634409,0.7598566308243727,0.7204301075268817,0.4774439,0.14391966,0.6707787,0.0014324374
0.9166666666666666,0.7222222222222222,0.6574074074074074,0.4353181,0.13261922,0.63647753,0.0015492094
0.945,0.665,0.64,0.3063032,0.17197956,0.58696437,0.0017069603
0.9070796460176991,0.7699115044247787,0.7123893805309734,0.21593115,0.13760947,0.50381905,0.0019431413
0.9,0.7318181818181818,0.6681818181818182,0.27091998,0.116019934,0.5638351,0.001776276
0.8594594594594595,0.7675675675675676,0.6864864864864865,0.26154596,0.21894293,0.4771151,0.002011357
0.8947368421052632,0.7607655502392344,0.722488038277512,0.17561384,0.10171368,0.44302857,0.0020930357
0.9358288770053476,0.7112299465240641,0.7005347593582888,0.2739218,0.13829425,0.5399966,0.0018448014
0.9315789473684211,0.7315789473684211,0.7263157894736842,0.35443985,0.19046362,0.54646766,0.0018264925
0.845,0.695,0.665,0.44476137,0.1270783,0.6215004,0.0015982747
0.9182692307692307,0.8028846153846154,0.7644230769230769,0.21201591,0.15247735,0.44795826,0.0020815975
0.8923076923076924,0.6256410256410256,0.5794871794871795,0.3140156,0.119790755,0.5441639,0.0018330353
0.8959537572254336,0.7052023121387283,0.6878612716763006,0.3194142,0.18439092,0.5334176,0.0018631918
0.8648648648648649,0.5891891891891892,0.5405405405405406,0.2496569,0.12963554,0.4315949,0.0021190776
0.8902439024390244,0.7317073170731707,0.6869918699186992,0.2542236,0.14142962,0.5512769,0.0018127444
0.9202127659574468,0.5851063829787234,0.5531914893617021,0.40423632,0.13766551,0.577344,0.0017361298
0.9139784946236559,0.6774193548387096,0.6290322580645161,0.27309015,0.14712124,0.52763814,0.0018791617
0.9107142857142857,0.7440476190476191,0.7023809523809523,0.2886888,0.12862995,0.505744,0.0019380808
0.8826291079812206,0.7981220657276995,0.7464788732394366,0.29173762,0.1339186,0.6037621,0.0016548735
0.9154228855721394,0.6218905472636815,0.5870646766169154,0.20204304,0.09791451,0.47079745,0.0020269526
0.9230769230769231,0.6358974358974359,0.6153846153846154,0.3031992,0.12539361,0.5484511,0.0018208368
0.8878048780487805,0.8146341463414634,0.7804878048780488,0.18375064,0.12356186,0.46501732,0.002041039
0.9086021505376344,0.7634408602150538,0.7365591397849462,0.20892848,0.09847316,0.48781762,0.0019844633
0.9375,0.6586538461538461,0.6346153846153846,0.23961999,0.1265539,0.4682999,0.0020330604
0.8910505836575876,0.7159533073929961,0.7159533073929961,0.36052042,0.12383019,0.6192613,0.0016055085
0.8727272727272727,0.6454545454545455,0.5818181818181818,0.45750868,0.1491609,0.6678611,0.0014426084
0.8823529411764706,0.669683257918552,0.6334841628959276,0.48789284,0.15247089,0.7157592,0.0012700227
0.9176470588235294,0.6176470588235294,0.611764705882353,0.3482426,0.20871747,0.5936434,0.001686426
0.9032258064516129,0.7634408602150538,0.6881720430107527,0.48437792,0.12555647,0.6460753,0.0015171528
0.9051724137931034,0.6551724137931034,0.6206896551724138,0.34307453,0.20851421,0.55489695,0.0018023163
0.8934010152284264,0.6751269035532995,0.6040609137055838,0.33418894,0.124231145,0.5322727,0.0018663694
0.9109947643979057,0.7015706806282722,0.6858638743455497,0.30405387,0.16778465,0.5465067,0.0018263812
0.8810810810810811,0.7351351351351352,0.6378378378378379,0.2822604,0.14011277,0.50898266,0.0019295228
0.8842592592592593,0.6805555555555556,0.6342592592592593,0.23515312,0.19875897,0.5366188,0.0018542716
0.8810810810810811,0.6972972972972973,0.6594594594594595,0.27746785,0.18166001,0.45847625,0.0020567698
0.9010416666666666,0.6302083333333334,0.5572916666666666,0.3399103,0.17775668,0.5539206,0.0018051354
0.9230769230769231,0.6804733727810651,0.650887573964497,0.22673322,0.13691401,0.46755156,0.0020348842
0.83125,0.7375,0.71875,0.32387322,0.1280748,0.5878542,0.001704238
0.9446494464944649,0.7047970479704797,0.6826568265682657,0.36327165,0.14299183,0.5994043,0.0016685271
0.832579185520362,0.7058823529411765,0.6561085972850679,0.3985392,0.13472678,0.5961255,0.0016787354
0.9345238095238095,0.6726190476190477,0.6488095238095238,0.31710923,0.11110724,0.55481833,0.0018025432
0.9136363636363637,0.75,0.6727272727272727,0.27313006,0.11691043,0.50907457,0.001929279
0.8918918918918919,0.6648648648648648,0.6270270270270271,0.22278054,0.12734437,0.5209656,0.0018973825
0.9095477386934674,0.7587939698492462,0.7185929648241206,0.23260058,0.095546484,0.49137807,0.0019753845
0.9387755102040817,0.7482993197278912,0.7074829931972789,0.3633129,0.14160554,0.5981771,0.0016723545
0.86,0.776,0.728,0.3415446,0.0985862,0.5953446,0.0016811583
0.9261744966442953,0.697986577181208,0.697986577181208,0.42964733,0.14981137,0.6641712,0.0014554077
0.89,0.665,0.61,0.22066213,0.10552358,0.42209277,0.0021402023
0.9153439153439153,0.5925925925925926,0.5661375661375662,0.31334096,0.20383017,0.54901874,0.0018192144
0.9310344827586207,0.7298850574712644,0.6954022988505747,0.26639983,0.1384301,0.53914213,0.0018472025
0.9365079365079365,0.6190476190476191,0.5873015873015873,0.2556827,0.15222403,0.5361083,0.0018556976
0.8291457286432161,0.7185929648241206,0.6381909547738693,0.23669751,0.11436522,0.4707477,0.002027074
0.8983739837398373,0.7845528455284553,0.7682926829268293,0.3632425,0.14998089,0.60809034,0.0016412138
0.9186046511627907,0.5581395348837209,0.5406976744186046,0.3111985,0.17770958,0.520507,0.0018986264
0.8641975308641975,0.7345679012345679,0.6851851851851852,0.34282327,0.13807869,0.531332,0.0018689748
0.839622641509434,0.6320754716981132,0.6037735849056604,0.34046856,0.14124155,0.57969147,0.0017290567
0.9006211180124224,0.6583850931677019,0.5403726708074534,0.40127823,0.20808628,0.598802,0.0016704068
0.9034090909090909,0.5909090909090909,0.5795454545454546,0.2786227,0.18494894,0.49171063,0.001974533
0.9010416666666666,0.7552083333333334,0.7135416666666666,0.21238239,0.12288177,0.4797886,0.0020046954
0.8908045977011494,0.8045977011494253,0.7586206896551724,0.32180697,0.13150556,0.6197618,0.0016038939
0.9222222222222223,0.6722222222222223,0.6444444444444445,0.28517818,0.17124699,0.49339503,0.0019702117
0.8934426229508197,0.5942622950819673,0.5860655737704918,0.3007357,0.20296456,0.59098285,0.0016946335
0.8867924528301887,0.8066037735849056,0.7594339622641509,0.22856621,0.108767375,0.48362133,0.0019950792
0.9085714285714286,0.7657142857142857,0.7314285714285714,0.30851135,0.13233872,0.49562022,0.0019644808
0.9315789473684211,0.631578947368421,0.5894736842105263,0.20836668,0.10490075,0.51006126,0.0019266602
0.9478672985781991,0.7156398104265402,0.6777251184834123,0.39678475,0.14085636,0.5970752,0.0016757842
0.8879668049792531,0.7510373443983402,0.7136929460580913,0.34060147,0.16188638,0.5886481,0.0017018057
0.9222222222222223,0.7944444444444444,0.7555555555555555,0.18344541,0.10213322,0.48374903,0.0019947577
0.8204225352112676,0.6725352112676056,0.6549295774647887,0.37266833,0.1314736,0.63194925,0.0015641673
0.9157303370786517,0.6966292134831461,0.6460674157303371,0.25737283,0.13323556,0.47779846,0.002009658
0.875,0.76953125,0.7578125,0.37243482,0.11446067,0.57841665,0.0017329017
0.919431279620853,0.7251184834123223,0.6919431279620853,0.21500221,0.10755842,0.46885028,0.0020317172
0.9313725490196079,0.7941176470588235,0.7598039215686274,0.21522874,0.15409042,0.49990043,0.0019533841
0.897119341563786,0.7860082304526749,0.7407407407407407,0.33880603,0.1268055,0.5679243,0.0017642239
0.8468468468468469,0.7297297297297297,0.7027027027027027,0.24964383,0.13657592,0.53097403,0.001869965
0.8524590163934426,0.6721311475409836,0.644808743169399,0.27986524,0.25729507,0.5284766,0.0018768556
0.8926829268292683,0.6731707317073171,0.6439024390243903,0.34726253,0.15653321,0.59132195,0.0016935896
0.8991935483870968,0.7580645161290323,0.7379032258064516,0.31246477,0.15498929,0.57118416,0.001754554
0.8370044052863436,0.7268722466960352,0.6828193832599119,0.3550876,0.1916631,0.54909253,0.0018190037
0.7947368421052632,0.7105263157894737,0.7052631578947368,0.42406398,0.23718816,0.6272626,0.0015795358
0.8362068965517241,0.75,0.6594827586206896,0.37822694,0.13769889,0.5811585,0.0017246213
0.9152542372881356,0.7711864406779662,0.7076271186440678,0.24550873,0.11553166,0.5118271,0.0019219607
0.9380530973451328,0.7787610619469026,0.7168141592920354,0.38204685,0.14121982,0.6021523,0.0016599285
0.925764192139738,0.6462882096069869,0.6419213973799127,0.41747195,0.16001068,0.6210647,0.0015996838
0.8563218390804598,0.6896551724137931,0.6724137931034483,0.3150781,0.13906303,0.56559294,0.001771106
0.8908045977011494,0.6896551724137931,0.6551724137931034,0.35121715,0.12534308,0.5416167,0.001840238
0.8857142857142857,0.6857142857142857,0.6530612244897959,0.2758486,0.08743692,0.54670084,0.0018258287
0.8309352517985612,0.7410071942446043,0.7086330935251799,0.31959236,0.12359551,0.58508605,0.0017126935
0.9015544041450777,0.6528497409326425,0.6010362694300518,0.3018971,0.11231501,0.5536027,0.0018060523
0.8809523809523809,0.7666666666666667,0.7,0.27473727,0.108858354,0.5532254,0.0018071396
0.9040404040404041,0.5909090909090909,0.5858585858585859,0.6042515,0.12490702,0.74295497,0.0011667135
0.8990384615384616,0.7884615384615384,0.6730769230769231,0.21218093,0.10383239,0.48814428,0.0019836335
0.9285714285714286,0.7071428571428572,0.6928571428571428,0.48970404,0.16691215,0.67728585,0.0014095939
0.8708133971291866,0.645933014354067,0.6220095693779905,0.37119597,0.107061476,0.6290429,0.001573711
0.8780487804878049,0.7073170731707317,0.6341463414634146,0.17662296,0.11969536,0.43069565,0.002121097
0.9320388349514563,0.7087378640776699,0.6601941747572816,0.3190256,0.18267646,0.5662115,0.0017692825
0.8387096774193549,0.6612903225806451,0.6344086021505376,0.29401517,0.14977606,0.5558177,0.0017996527
0.9312169312169312,0.656084656084656,0.6349206349206349,0.35176823,0.19358952,0.5090167,0.0019294325
0.9144385026737968,0.6684491978609626,0.6256684491978609,0.24419454,0.13845566,0.55428034,0.0018040972
0.9346733668341709,0.6080402010050251,0.5829145728643216,0.33879155,0.11889697,0.5979501,0.0016730617
0.8804347826086957,0.6413043478260869,0.5978260869565217,0.22395994,0.15398936,0.47114417,0.0020261023
0.8905472636815921,0.6616915422885572,0.6019900497512438,0.3835574,0.19268848,0.563938,0.0017759736
0.9576719576719577,0.746031746031746,0.7513227513227513,0.46040905,0.114043556,0.6366827,0.001548529
0.8606965174129353,0.6766169154228856,0.6467661691542289,0.23102157,0.078166865,0.42384398,0.0021363448
0.9081081081081082,0.7081081081081081,0.6486486486486487,0.32642537,0.1972311,0.5341553,0.0018611411
0.8914027149321267,0.7285067873303167,0.669683257918552,0.33909506,0.14110418,0.6041793,0.001653561
0.8167330677290837,0.701195219123506,0.6892430278884463,0.35838234,0.10447944,0.59182805,0.00169203
0.9408284023668639,0.6686390532544378,0.650887573964497,0.36675724,0.15875885,0.61674064,0.0016136222
0.8888888888888888,0.8253968253968254,0.7619047619047619,0.41193056,0.14218636,0.6273125,0.0015793728
0.9463414634146341,0.7365853658536585,0.6780487804878049,0.2504797,0.17876744,0.4581601,0.0020575244
0.7889447236180904,0.6582914572864321,0.5527638190954773,0.6503737,0.11670068,0.7780302,0.0010277838
0.9113300492610837,0.6108374384236454,0.5812807881773399,0.2316052,0.15601172,0.48753136,0.0019851907
0.8883248730964467,0.7411167512690355,0.6954314720812182,0.34984982,0.1458027,0.5711693,0.0017545981
0.8942307692307693,0.5913461538461539,0.5576923076923077,0.29802802,0.099906586,0.5543529,0.0018038874
0.9375,0.625,0.5833333333333334,0.28110674,0.12115818,0.5786597,0.0017321691
0.8497652582159625,0.6338028169014085,0.5915492957746479,0.35670158,0.13163823,0.5782341,0.0017334515
0.9271523178807947,0.6225165562913907,0.6026490066225165,0.39937034,0.16272962,0.5798583,0.0017285527
0.9612903225806452,0.632258064516129,0.6516129032258065,0.29492784,0.113501206,0.5948726,0.0016826215
0.8638297872340426,0.8042553191489362,0.7191489361702128,0.29197258,0.10514367,0.5545249,0.001803391
0.9026548672566371,0.672566371681416,0.6460176991150443,0.39590248,0.15053628,0.6067673,0.0016453996
0.8653846153846154,0.7259615384615384,0.6201923076923077,0.35202906,0.18137987,0.51418567,0.0019156592
0.8922155688622755,0.6287425149700598,0.5688622754491018,0.49742538,0.10990468,0.6929895,0.0013535559
0.8970588235294118,0.5833333333333334,0.5882352941176471,0.32220414,0.105817795,0.5546855,0.001802927
0.8715596330275229,0.7844036697247706,0.7201834862385321,0.28952688,0.11781322,0.5564409,0.0017978474
0.893048128342246,0.6844919786096256,0.6470588235294118,0.3265677,0.17101575,0.5750501,0.0017430141
0.9139784946236559,0.6397849462365591,0.5806451612903226,0.32948324,0.1838829,0.5683475,0.0017629714
0.8910891089108911,0.6287128712871287,0.5643564356435643,0.28305,0.1309205,0.5687195,0.00176187
0.9308510638297872,0.6968085106382979,0.6808510638297872,0.34739128,0.12941945,0.5368214,0.0018537054
0.8995433789954338,0.730593607305936,0.7168949771689498,0.2788056,0.116465315,0.5657375,0.00177068
0.8883248730964467,0.6192893401015228,0.5888324873096447,0.27978593,0.13328905,0.5393788,0.0018465379
0.8888888888888888,0.8,0.76,0.22019342,0.111356154,0.47684807,0.0020120207
0.9176470588235294,0.7333333333333333,0.7137254901960784,0.31182042,0.09771946,0.6097211,0.0016360424
0.8308823529411765,0.7352941176470589,0.6911764705882353,0.33311513,0.13757615,0.5770626,0.0017369762
0.7962962962962963,0.6777777777777778,0.6777777777777778,0.3350017,0.1205444,0.6094606,0.0016368689
0.9181286549707602,0.7076023391812866,0.6549707602339181,0.3274575,0.12880322,0.5879251,0.001704021
0.900990099009901,0.5891089108910891,0.5643564356435643,0.25320104,0.124365486,0.5539388,0.0018050829
0.8888888888888888,0.783068783068783,0.7248677248677249,0.21275935,0.094934,0.47416824,0.0020186575
0.8383233532934131,0.6766467065868264,0.6467065868263473,0.37279165,0.13622506,0.5805795,0.0017263734
0.8626373626373627,0.7692307692307693,0.6703296703296703,0.32192034,0.122240454,0.5796624,0.0017291446
0.8814432989690721,0.6752577319587629,0.6030927835051546,0.4282159,0.1287004,0.62572604,0.0015845493
0.9052631578947369,0.7421052631578947,0.7157894736842105,0.22670576,0.11137693,0.47742462,0.0020105878
0.8954248366013072,0.6601307189542484,0.6405228758169934,0.4415109,0.1464743,0.64635354,0.0015162166
0.9386503067484663,0.7607361963190185,0.7239263803680982,0.3083421,0.1439538,0.49434537,0.0019677673
0.8717948717948718,0.717948717948718,0.6987179487179487,0.35750854,0.11875593,0.6087978,0.0016389719
0.9395973154362416,0.7986577181208053,0.7449664429530202,0.34835252,0.123473756,0.6076415,0.0016426347
0.9032258064516129,0.6387096774193548,0.632258064516129,0.21000345,0.15720387,0.47715178,0.0020112663
0.875,0.7083333333333334,0.6666666666666666,0.44693604,0.16927527,0.64041036,0.001536132
0.936046511627907,0.7383720930232558,0.6976744186046512,0.3045054,0.14840664,0.56745136,0.001765622
0.8301886792452831,0.6320754716981132,0.6273584905660378,0.34220168,0.20176646,0.63373965,0.001558266
0.8720379146919431,0.6777251184834123,0.6540284360189573,0.32234138,0.12285014,0.5834983,0.0017175251
0.8966942148760331,0.756198347107438,0.7148760330578512,0.2481399,0.09036502,0.4847927,0.0019921248
0.9342723004694836,0.7887323943661971,0.7230046948356808,0.43326482,0.15099856,0.5728251,0.0017496651
0.8743169398907104,0.7650273224043715,0.6885245901639344,0.21143869,0.096539445,0.46005648,0.0020529898
0.8983957219251337,0.7165775401069518,0.7058823529411765,0.29443622,0.17285956,0.46619818,0.0020381752
0.8838174273858921,0.6887966804979253,0.6804979253112033,0.3794156,0.15530413,0.6213081,0.0015988965
0.9130434782608695,0.7478260869565218,0.7260869565217392,0.24282376,0.08364046,0.4593369,0.0020547125
0.9081632653061225,0.7142857142857143,0.6887755102040817,0.1869387,0.092712194,0.46293482,0.0020460712
0.8888888888888888,0.7037037037037037,0.656084656084656,0.34226447,0.15804186,0.5095999,0.0019278852
0.8844444444444445,0.7466666666666667,0.6977777777777778,0.21466398,0.11604871,0.5087766,0.0019300688
0.8628571428571429,0.6571428571428571,0.6228571428571429,0.32347637,0.13717046,0.51306176,0.0019186657
0.7947598253275109,0.7554585152838428,0.7161572052401747,0.28458107,0.13011605,0.538313,0.001849529
0.8817733990147784,0.6305418719211823,0.6059113300492611,0.30109003,0.1167924,0.5506388,0.0018145753
0.7789855072463768,0.6594202898550725,0.6485507246376812,0.34731844,0.10443408,0.5980745,0.0016726741
0.8781512605042017,0.7226890756302521,0.6932773109243697,0.40710014,0.14401253,0.63144535,0.0015658252
0.9289099526066351,0.5734597156398105,0.5687203791469194,0.32113892,0.1272,0.5802079,0.0017274969
0.8820960698689956,0.6200873362445415,0.5982532751091703,0.45486647,0.17044581,0.6817199,0.0013939008
0.891566265060241,0.7469879518072289,0.7228915662650602,0.22949508,0.13004737,0.5021812,0.0019474324
0.8888888888888888,0.7342995169082126,0.7246376811594203,0.35129476,0.1708689,0.60291797,0.0016575259
0.8461538461538461,0.6289592760180995,0.502262443438914,0.4671917,0.16363256,0.6843519,0.0013845376
0.9395348837209302,0.6046511627906976,0.5720930232558139,0.34977204,0.13975038,0.59449863,0.0016837796
0.9215686274509803,0.7973856209150327,0.7712418300653595,0.2743906,0.13447113,0.55694675,0.0017963811
0.9417989417989417,0.7883597883597884,0.7566137566137566,0.232946,0.10818084,0.47434008,0.002018233
0.8791208791208791,0.6813186813186813,0.6373626373626373,0.3275641,0.12509993,0.55019397,0.0018158508
0.8773006134969326,0.7300613496932515,0.6380368098159509,0.4147103,0.18928693,0.5980714,0.0016726841
0.9430051813471503,0.8238341968911918,0.7875647668393783,0.21140984,0.09743864,0.48757407,0.0019850822
0.9011627906976745,0.7441860465116279,0.5406976744186046,0.49907035,0.25503463,0.6287754,0.0015745874
0.8888888888888888,0.6515151515151515,0.6111111111111112,0.3781545,0.12895882,0.60818666,0.001640909
0.9223300970873787,0.6359223300970874,0.616504854368932,0.2975835,0.14737478,0.5401667,0.0018443228
0.92,0.64,0.6355555555555555,0.44967133,0.117092386,0.65929085,0.0014722282
0.826530612244898,0.6632653061224489,0.6326530612244898,0.43465763,0.1729667,0.6481197,0.0015102628
0.8977272727272727,0.7613636363636364,0.7329545454545454,0.3853859,0.12582807,0.58431196,0.0017150509
0.9135802469135802,0.6234567901234568,0.5802469135802469,0.36636233,0.17785439,0.5846802,0.00171393
0.868995633187773,0.6462882096069869,0.62882096069869,0.42516676,0.16681184,0.6600637,0.001469573
0.896551724137931,0.7093596059113301,0.6650246305418719,0.25745216,0.14678697,0.5303861,0.0018715902
0.8807947019867549,0.7748344370860927,0.7284768211920529,0.29546356,0.10883494,0.52963555,0.0018736621
0.8967136150234741,0.6948356807511737,0.6807511737089202,0.31667355,0.14494197,0.5849507,0.0017131061
0.9122807017543859,0.6491228070175439,0.5906432748538012,0.3208795,0.16097267,0.56883514,0.0017615277
0.9119170984455959,0.6632124352331606,0.616580310880829,0.24777335,0.08925053,0.44775745,0.002082066
0.9296482412060302,0.7437185929648241,0.7085427135678392,0.31949854,0.13744035,0.5318393,0.00186757
0.9052631578947369,0.6736842105263158,0.6052631578947368,0.21607654,0.08561158,0.44344807,0.0020920672
0.9333333333333333,0.7111111111111111,0.6722222222222223,0.29619446,0.13669936,0.5154695,0.0019122165
0.8870967741935484,0.6827956989247311,0.6075268817204301,0.32619506,0.1441874,0.5590219,0.0017903502
0.7718631178707225,0.6920152091254753,0.6920152091254753,0.35745963,0.11417732,0.59196883,0.001691596
0.8935185185185185,0.6203703703703703,0.5925925925925926,0.31051725,0.12581167,0.558231,0.0017926516
0.9147982062780269,0.7623318385650224,0.7219730941704036,0.28522268,0.1304963,0.53918666,0.0018470775
0.92,0.635,0.625,0.3124524,0.1935176,0.53294086,0.0018645156
0.90625,0.70625,0.675,0.29294068,0.12324009,0.5463262,0.0018268954
0.9238578680203046,0.6446700507614214,0.6040609137055838,0.22122729,0.15083303,0.51229763,0.001920706
0.9457013574660633,0.7873303167420814,0.751131221719457,0.24012132,0.14550033,0.44983232,0.002077216
0.9492753623188406,0.6956521739130435,0.6811594202898551,0.34405956,0.14549243,0.5894069,0.0016994778
0.9344262295081968,0.6065573770491803,0.5573770491803278,0.19422592,0.10114574,0.4672795,0.0020355463
0.9393939393939394,0.6262626262626263,0.5858585858585859,0.3037055,0.1328613,0.57453775,0.0017445482
0.9308510638297872,0.6382978723404256,0.5797872340425532,0.3188336,0.12484538,0.5388603,0.0018479936
0.9047619047619048,0.6190476190476191,0.5904761904761905,0.2782399,0.13997586,0.55208564,0.0018104203
0.9184782608695652,0.6195652173913043,0.6032608695652174,0.31765217,0.20611537,0.5191098,0.001902409
0.8932584269662921,0.8314606741573034,0.8033707865168539,0.32584476,0.15186171,0.5710503,0.0017549521
0.7875457875457875,0.6959706959706959,0.6666666666666666,0.3385275,0.111700945,0.5925063,0.001689938
0.8146551724137931,0.7327586206896551,0.7025862068965517,0.39713144,0.10468989,0.61537534,0.0016180031
0.8711111111111111,0.8177777777777778,0.7555555555555555,0.2702379,0.14739741,0.53062606,0.0018709269
0.8777777777777778,0.7722222222222223,0.7333333333333333,0.33686793,0.11683755,0.5590074,0.0017903926
0.9230769230769231,0.6490384615384616,0.6057692307692307,0.28354946,0.118905105,0.5065177,0.0019360413
0.9141104294478528,0.7914110429447853,0.7423312883435583,0.29724967,0.1491985,0.5466272,0.0018260382
0.9223300970873787,0.7766990291262136,0.7233009708737864,0.20123258,0.1333047,0.42983365,0.0021230287
0.8932384341637011,0.6725978647686833,0.6619217081850534,0.34901178,0.16444051,0.58165485,0.0017231187
0.9224137931034483,0.6422413793103449,0.5948275862068966,0.5040277,0.11268521,0.7015571,0.0013224417
0.8915094339622641,0.6509433962264151,0.5801886792452831,0.26500374,0.08836521,0.5268046,0.00188145
0.9012345679012346,0.6790123456790124,0.6419753086419753,0.30943877,0.14434315,0.58409256,0.0017157184
0.9015151515151515,0.7803030303030303,0.75,0.3357077,0.15254632,0.5561505,0.0017986892
0.9022556390977443,0.7142857142857143,0.7030075187969925,0.35009104,0.16234206,0.58836734,0.0017026666
0.9222222222222223,0.6722222222222223,0.65,0.28301734,0.1335868,0.5064928,0.0019361066
0.9081632653061225,0.6989795918367347,0.6326530612244898,0.24944721,0.1256355,0.51106894,0.0019239807
0.8983957219251337,0.6149732620320856,0.5828877005347594,0.32022583,0.15202062,0.49929094,0.0019549702
0.8743961352657005,0.6231884057971014,0.5845410628019324,0.22897117,0.1433748,0.5396026,0.0018459089
0.9052631578947369,0.8105263157894737,0.7736842105263158,0.186874,0.13974647,0.46864206,0.0020322257
0.8133333333333334,0.6933333333333334,0.6755555555555556,0.43756446,0.09456918,0.6831015,0.0013889908
0.8895705521472392,0.6441717791411042,0.5950920245398773,0.3223722,0.16662647,0.5029663,0.001945377
0.9175257731958762,0.7680412371134021,0.7371134020618557,0.2296421,0.082978725,0.49066478,0.0019772085
0.9104477611940298,0.6716417910447762,0.6716417910447762,0.4603453,0.1371003,0.6934448,0.0013519124
0.8537735849056604,0.6556603773584906,0.6462264150943396,0.31313086,0.16525383,0.49378997,0.0019691964
0.9206349206349206,0.6296296296296297,0.5873015873015873,0.24024588,0.17873056,0.4971087,0.0019606326
0.9281767955801105,0.6187845303867403,0.5911602209944752,0.24977243,0.12357885,0.52384204,0.0018895563
0.8074074074074075,0.662962962962963,0.6481481481481481,0.41152254,0.13201396,0.56152076,0.0017830586
0.9359605911330049,0.7635467980295566,0.7192118226600985,0.22993036,0.13748881,0.46559414,0.0020396411
0.9435897435897436,0.676923076923077,0.6205128205128205,0.2720127,0.15889972,0.5400998,0.0018445108
0.8790322580645161,0.7540322580645161,0.7258064516129032,0.3543378,0.081664935,0.60142916,0.0016621951
0.8303571428571429,0.7098214285714286,0.6651785714285714,0.3004195,0.16001907,0.56319314,0.0017781602
0.9137931034482759,0.735632183908046,0.7011494252873564,0.26365244,0.12723272,0.5418298,0.0018396365
0.9345238095238095,0.6904761904761905,0.6607142857142857,0.4839998,0.1338963,0.6728429,0.0014252145
0.8226415094339623,0.6641509433962264,0.6377358490566037,0.37753266,0.15715976,0.6184328,0.0016081793
0.856,0.736,0.676,0.36137193,0.10905961,0.6110684,0.001631759
0.9447513812154696,0.6132596685082873,0.5911602209944752,0.29514444,0.11707258,0.5545871,0.001803211
0.8938547486033519,0.6201117318435754,0.5865921787709497,0.3251483,0.18056613,0.5803189,0.0017271611
0.9013452914798207,0.7488789237668162,0.7399103139013453,0.3958328,0.15645958,0.6305604,0.0015687334
0.9435897435897436,0.7384615384615385,0.717948717948718,0.23192325,0.10204357,0.44857934,0.0020801474
0.8763440860215054,0.7365591397849462,0.6935483870967742,0.3042675,0.17923537,0.50170505,0.0019486771
0.9263157894736842,0.7631578947368421,0.7315789473684211,0.24784108,0.089734405,0.49433693,0.0019677894
0.8076923076923077,0.7094017094017094,0.6367521367521367,0.35562277,0.09678375,0.6002021,0.0016660349
0.8619246861924686,0.7154811715481172,0.694560669456067,0.2848453,0.100607,0.56046355,0.0017861472
0.93048128342246,0.6577540106951871,0.6096256684491979,0.35346204,0.14230159,0.59893817,0.0016699819
0.9245283018867925,0.7295597484276729,0.7169811320754716,0.21362695,0.15230699,0.44041732,0.0020990435
0.8502202643171806,0.7973568281938326,0.7533039647577092,0.32628658,0.12050755,0.5580486,0.0017931819
0.9087301587301587,0.6944444444444444,0.6587301587301587,0.3540256,0.1408343,0.6299077,0.0015708758
0.8709677419354839,0.7677419354838709,0.6903225806451613,0.28832212,0.113464616,0.5256866,0.0018845148
0.8565400843881856,0.7426160337552743,0.7088607594936709,0.58174914,0.11491303,0.72680557,0.0012285252
0.9368421052631579,0.7105263157894737,0.6473684210526316,0.3171968,0.12834598,0.53978944,0.001845384
0.9132947976878613,0.7976878612716763,0.7456647398843931,0.2902992,0.10299213,0.52550626,0.0018850084
0.9082969432314411,0.5807860262008734,0.5720524017467249,0.44993708,0.14934582,0.6365371,0.0015490119
0.9068627450980392,0.6176470588235294,0.6029411764705882,0.29017517,0.12517402,0.5509835,0.0018135867
0.8918918918918919,0.6396396396396397,0.6081081081081081,0.4650366,0.14241745,0.695768,0.0013435074
0.9301075268817204,0.7849462365591398,0.7419354838709677,0.2449206,0.14084421,0.5007082,0.0019512792
0.9090909090909091,0.6203208556149733,0.5775401069518716,0.3623501,0.0874485,0.59806204,0.0016727131
0.905940594059406,0.6435643564356436,0.6138613861386139,0.29898122,0.10334498,0.53258073,0.0018655151
0.8625,0.7375,0.7,0.21502475,0.13428989,0.44114318,0.0020973766
0.9299065420560748,0.7570093457943925,0.7149532710280374,0.21768536,0.11005715,0.43820035,0.0021041157
0.9014778325123153,0.7192118226600985,0.6896551724137931,0.34746084,0.13824263,0.5536778,0.0018058358
0.896774193548387,0.6774193548387096,0.632258064516129,0.33550498,0.14884837,0.53294015,0.001864518
0.8551401869158879,0.7570093457943925,0.7149532710280374,0.24901424,0.13297167,0.52700853,0.0018808907
0.7902621722846442,0.6891385767790262,0.6704119850187266,0.34035325,0.09599198,0.6007191,0.0016644183
0.9371069182389937,0.6415094339622641,0.6415094339622641,0.3289696,0.12530716,0.52162457,0.001895593
0.8758169934640523,0.6535947712418301,0.5882352941176471,0.28982836,0.16369514,0.51711416,0.0019077943
0.926605504587156,0.6880733944954128,0.6513761467889908,0.31675804,0.15167305,0.5882922,0.0017028967
0.8534031413612565,0.6701570680628273,0.6649214659685864,0.31919774,0.15838958,0.5684305,0.001762726
0.9054726368159204,0.6865671641791045,0.6567164179104478,0.31471163,0.14231744,0.5290385,0.0018753078
0.9004524886877828,0.665158371040724,0.6380090497737556,0.33030638,0.09311744,0.58051544,0.0017265672
0.8112582781456954,0.6887417218543046,0.6589403973509934,0.3152028,0.100147255,0.6234661,0.0015919013
0.8899082568807339,0.8073394495412844,0.7935779816513762,0.26880416,0.1253259,0.57338476,0.0017479946
0.9114583333333334,0.625,0.609375,0.2728711,0.13305232,0.5671102,0.0017666303
0.9263803680981595,0.7423312883435583,0.7361963190184049,0.30937102,0.12122498,0.54177815,0.0018397822
0.9398496240601504,0.8120300751879699,0.7443609022556391,0.36542773,0.15590516,0.56777924,0.0017646529
0.8619246861924686,0.6443514644351465,0.5983263598326359,0.32463422,0.1385374,0.60011524,0.0016663066
0.9247311827956989,0.6720430107526881,0.6505376344086021,0.33195612,0.178564,0.47218573,0.0020235435
0.9010416666666666,0.7760416666666666,0.7552083333333334,0.22735508,0.10573651,0.44617227,0.002085756
0.9254658385093167,0.6521739130434783,0.639751552795031,0.3291804,0.17156279,0.5461317,0.0018274486
0.8878923766816144,0.672645739910314,0.6681614349775785,0.4471215,0.14593557,0.66993845,0.0014353708
0.9315789473684211,0.7947368421052632,0.7526315789473684,0.24580775,0.12932655,0.48623374,0.001988481
0.8901734104046243,0.6069364161849711,0.5722543352601156,0.30910826,0.13211724,0.5584339,0.0017920615
0.9289940828402367,0.7514792899408284,0.7100591715976331,0.39936554,0.16331977,0.61752367,0.0016111055
0.9333333333333333,0.6388888888888888,0.6055555555555555,0.25730607,0.13418463,0.43778005,0.0021050747
0.875,0.59,0.545,0.28856644,0.12443298,0.5186197,0.0019037332
0.9193548387096774,0.6344086021505376,0.6021505376344086,0.32768524,0.1748989,0.5567748,0.0017968798
0.9393939393939394,0.7636363636363637,0.7151515151515152,0.29544863,0.15335698,0.5021647,0.0019474756
0.8842975206611571,0.768595041322314,0.756198347107438,0.27645528,0.097518556,0.54387325,0.001833859
0.8960396039603961,0.7029702970297029,0.6831683168316832,0.34922478,0.10640479,0.5923388,0.0016904548
0.8985507246376812,0.7342995169082126,0.7101449275362319,0.3858468,0.1449187,0.6120556,0.001628614
0.9170731707317074,0.7853658536585366,0.7609756097560976,0.2378461,0.11718566,0.49065125,0.0019772432
0.9090909090909091,0.7905138339920948,0.7430830039525692,0.2561047,0.14171928,0.5452239,0.0018300283
0.8375634517766497,0.751269035532995,0.6954314720812182,0.36129647,0.16303197,0.54939437,0.00181814
0.8723404255319149,0.7943262411347518,0.7163120567375887,0.33673543,0.12360856,0.5368732,0.0018535604
0.8717948717948718,0.8,0.6923076923076923,0.25094652,0.10030179,0.5094111,0.0019283864
0.8784530386740331,0.6464088397790055,0.6187845303867403,0.20656578,0.15920043,0.48161945,0.0020001112
0.9022988505747126,0.6724137931034483,0.632183908045977,0.2580812,0.13631216,0.51658654,0.0019092145
0.9206349206349206,0.7037037037037037,0.6666666666666666,0.26301405,0.13774985,0.4810401,0.0020015638
0.8506787330316742,0.669683257918552,0.6334841628959276,0.35869777,0.2299648,0.48687926,0.0019868452
0.7834645669291339,0.7047244094488189,0.6968503937007874,0.3391924,0.107118174,0.6187396,0.0016071908
0.8546511627906976,0.6511627906976745,0.627906976744186,0.29406336,0.1363597,0.51645225,0.001909576
0.9095744680851063,0.6117021276595744,0.5585106382978723,0.2841416,0.15997504,0.5351164,0.001858465
0.9030303030303031,0.8303030303030303,0.7333333333333333,0.24342878,0.15408619,0.4963724,0.0019625376
0.7955801104972375,0.6740331491712708,0.6077348066298343,0.31144285,0.14286986,0.5397356,0.0018455352
0.9318181818181818,0.7670454545454546,0.7329545454545454,0.2346076,0.13666734,0.47917196,0.0020062348
0.8731707317073171,0.6487804878048781,0.6048780487804878,0.3837323,0.16166751,0.6105705,0.0016333429
0.9183673469387755,0.7755102040816326,0.7244897959183674,0.23589815,0.14335628,0.48219746,0.0019986609
0.9014778325123153,0.6305418719211823,0.5714285714285714,0.4115982,0.15875003,0.60641617,0.0016465089
0.9012875536480687,0.8197424892703863,0.7725321888412017,0.3251519,0.09056043,0.56095743,0.0017847047
0.9365853658536586,0.7121951219512195,0.6878048780487804,0.3809306,0.19117853,0.5692769,0.0017602183
0.9741935483870968,0.7354838709677419,0.6645161290322581,0.2394394,0.2128165,0.49576855,0.0019640978
0.9086021505376344,0.6344086021505376,0.5860215053763441,0.35008726,0.17665343,0.5313412,0.0018689494
0.921161825726141,0.7551867219917012,0.7053941908713693,0.34189343,0.119909495,0.5879216,0.0017040317
0.8387096774193549,0.6838709677419355,0.6709677419354839,0.4681642,0.14682624,0.66796637,0.0014422421
0.8974358974358975,0.7897435897435897,0.7333333333333333,0.23142143,0.1142161,0.5020257,0.0019478392
0.8823529411764706,0.6715686274509803,0.6617647058823529,0.28522664,0.11187718,0.5403381,0.0018438403
0.900990099009901,0.7079207920792079,0.6336633663366337,0.26216102,0.17571358,0.48253676,0.0019978082
0.8736842105263158,0.7578947368421053,0.7,0.23280016,0.1253288,0.47491264,0.0020168177
0.8673835125448028,0.7741935483870968,0.7383512544802867,0.43123055,0.09516589,0.6386458,0.0015420093
0.91005291005291,0.6825396825396826,0.6455026455026455,0.27190512,0.10360493,0.49600354,0.0019634909
0.874251497005988,0.6826347305389222,0.6467065868263473,0.26150677,0.14720969,0.4531299,0.0020694616
0.9447852760736196,0.7177914110429447,0.6441717791411042,0.4104925,0.24575406,0.59581435,0.0016797011
0.9328859060402684,0.7718120805369127,0.738255033557047,0.39461273,0.12672041,0.62636274,0.0015824732
0.9432624113475178,0.7021276595744681,0.6737588652482269,0.3330974,0.1807072,0.5701407,0.0017576552
0.8187134502923976,0.6549707602339181,0.6432748538011696,0.32298765,0.12795176,0.49233955,0.0019729212
0.8853211009174312,0.6605504587155964,0.6513761467889908,0.37478685,0.13169344,0.60879827,0.0016389703
0.9329896907216495,0.6958762886597938,0.6443298969072165,0.27097672,0.13880399,0.5358756,0.0018563472
0.9024390243902439,0.6195121951219512,0.5902439024390244,0.47706357,0.08313984,0.6869089,0.0013754065
0.9038461538461539,0.5673076923076923,0.5480769230769231,0.25015694,0.17441508,0.52928275,0.0018746346
0.848605577689243,0.7729083665338645,0.7370517928286853,0.29906666,0.112400874,0.53987813,0.0018451341
0.9090909090909091,0.6262626262626263,0.5909090909090909,0.2404422,0.1516936,0.5494994,0.0018178398
0.9142857142857143,0.68,0.6342857142857142,0.28258488,0.14588705,0.53876454,0.0018482627
0.8854625550660793,0.7577092511013216,0.7400881057268722,0.28115886,0.13914004,0.5113385,0.001923263
0.8700564971751412,0.768361581920904,0.7457627118644068,0.43656257,0.13503303,0.64254916,0.0015289859
0.9096045197740112,0.7401129943502824,0.6892655367231638,0.27277657,0.1158189,0.49788487,0.0019586214
0.9371069182389937,0.7232704402515723,0.7044025157232704,0.26039436,0.11322017,0.48442778,0.001993046
0.9317073170731708,0.6390243902439025,0.6146341463414634,0.34284925,0.14339434,0.6001966,0.0016660522
0.8995215311004785,0.7799043062200957,0.7416267942583732,0.23959376,0.124981806,0.5485633,0.0018205164
0.8913043478260869,0.7913043478260869,0.7652173913043478,0.31155795,0.12763983,0.5749004,0.001743462
0.9120879120879121,0.7692307692307693,0.7362637362637363,0.35416776,0.15702969,0.5880633,0.0017035976
0.9246861924686193,0.7949790794979079,0.7656903765690377,0.29269868,0.11030903,0.5657232,0.0017707221
0.8732394366197183,0.7535211267605634,0.7112676056338029,0.40718505,0.0895745,0.6336393,0.0015585975
0.9030612244897959,0.8163265306122449,0.7755102040816326,0.3449436,0.15568876,0.5591518,0.0017899717
0.8879668049792531,0.7510373443983402,0.7219917012448133,0.24038503,0.11611592,0.5172471,0.0019074362
0.9285714285714286,0.7692307692307693,0.7472527472527473,0.25109333,0.11348722,0.50509965,0.0019397773
0.83984375,0.6796875,0.671875,0.32719734,0.14849874,0.588797,0.001701349
0.8826291079812206,0.647887323943662,0.6244131455399061,0.2767287,0.09158151,0.5591587,0.001789952
0.8593155893536122,0.7756653992395437,0.7262357414448669,0.33911255,0.1569483,0.5756453,0.0017412301
0.8819875776397516,0.7701863354037267,0.7267080745341615,0.21869862,0.13793404,0.49975052,0.0019537744
0.8737373737373737,0.7676767676767676,0.7070707070707071,0.21270359,0.10282988,0.47408506,0.002018863
0.851528384279476,0.6462882096069869,0.611353711790393,0.31551448,0.12442023,0.56654406,0.0017683018
0.912568306010929,0.8633879781420765,0.8142076502732241,0.33433658,0.13988496,0.5184581,0.0019041697
0.84688995215311,0.6555023923444976,0.5933014354066986,0.31276914,0.17729974,0.49239382,0.0019727822
0.9230769230769231,0.6794871794871795,0.6666666666666666,0.2501894,0.13328528,0.48381495,0.0019945914
0.84,0.744,0.68,0.43089667,0.13288306,0.62544733,0.0015854574
0.9329608938547486,0.6703910614525139,0.6312849162011173,0.22392215,0.13640395,0.4798921,0.0020044365
0.9158415841584159,0.7326732673267327,0.693069306930693,0.31167778,0.14388533,0.5657375,0.0017706802
0.9210526315789473,0.631578947368421,0.6,0.25643003,0.15792114,0.53395164,0.0018617074
0.9162011173184358,0.6759776536312849,0.6424581005586593,0.26306242,0.09446182,0.5034554,0.0019440955
0.8481481481481481,0.7111111111111111,0.6518518518518519,0.4085789,0.10408826,0.64253074,0.0015290474
0.9301075268817204,0.6612903225806451,0.5913978494623656,0.43666768,0.13377203,0.66664726,0.0014468265
0.8416289592760181,0.7647058823529411,0.7285067873303167,0.3377972,0.09603325,0.5736,0.0017473517
0.9134615384615384,0.6682692307692307,0.5913461538461539,0.4046784,0.194383,0.58691,0.001707127
0.9267015706806283,0.6858638743455497,0.6649214659685864,0.2745958,0.12041737,0.5466137,0.0018260768
0.8235294117647058,0.5980392156862745,0.4803921568627451,0.3942803,0.23694246,0.6296308,0.0015717841
0.8349514563106796,0.6359223300970874,0.5436893203883495,0.2971059,0.17007561,0.57461214,0.0017443252
0.9326424870466321,0.6839378238341969,0.6373056994818653,0.24853262,0.11139822,0.44353697,0.002091862
0.8223350253807107,0.5989847715736041,0.5279187817258884,0.31296962,0.13502975,0.5778512,0.0017346045
0.9230769230769231,0.7782805429864253,0.7330316742081447,0.26467773,0.13438873,0.5419113,0.0018394068
0.8348623853211009,0.5458715596330275,0.481651376146789,0.2992705,0.18956855,0.49561518,0.001964494
0.9127906976744186,0.7732558139534884,0.7674418604651163,0.17964053,0.110175155,0.47475,0.0020172198
0.9038461538461539,0.6538461538461539,0.6201923076923077,0.25707856,0.10031217,0.56573546,0.0017706859
0.9130434782608695,0.8115942028985508,0.7874396135265701,0.29974115,0.1616593,0.55595535,0.0017992541
0.8481012658227848,0.6329113924050633,0.5632911392405063,0.41068998,0.11304403,0.63750994,0.0015457841
0.9025641025641026,0.6871794871794872,0.6512820512820513,0.26752025,0.15616353,0.4759159,0.0020143334
0.8994082840236687,0.727810650887574,0.6035502958579881,0.4571736,0.2864178,0.5587978,0.0017910028
0.9050279329608939,0.6983240223463687,0.6759776536312849,0.30035296,0.14376715,0.55140305,0.0018123823
0.8581081081081081,0.722972972972973,0.6959459459459459,0.36469734,0.18938921,0.55789083,0.0017936403
0.9183673469387755,0.5969387755102041,0.5714285714285714,0.2572706,0.14555417,0.5607916,0.0017851897
0.9612903225806452,0.7677419354838709,0.7290322580645161,0.3002172,0.18920422,0.49058434,0.0019774141
0.7803921568627451,0.6745098039215687,0.6745098039215687,0.35698137,0.1269115,0.60871065,0.0016392485
0.9095477386934674,0.7638190954773869,0.7286432160804021,0.26686284,0.1322665,0.47591946,0.0020143248
0.9190751445086706,0.7572254335260116,0.6589595375722543,0.21642424,0.15998703,0.4734695,0.002020382
0.9175257731958762,0.7835051546391752,0.7268041237113402,0.22034727,0.09368493,0.5074356,0.0019336175
0.946524064171123,0.6577540106951871,0.6470588235294118,0.30519167,0.118385516,0.4699807,0.0020289535
0.8830645161290323,0.7701612903225806,0.7338709677419355,0.29140818,0.09851979,0.58634657,0.0017088483
0.9072847682119205,0.6887417218543046,0.6688741721854304,0.3566284,0.13383818,0.6006446,0.0016646516
0.8905472636815921,0.8159203980099502,0.7512437810945274,0.2583874,0.08859941,0.53405267,0.0018614264
0.8916256157635468,0.7487684729064039,0.7093596059113301,0.24385068,0.09508592,0.5108424,0.0019245837
0.8676470588235294,0.6948529411764706,0.6801470588235294,0.33871123,0.1544568,0.5503582,0.00181538
0.9047619047619048,0.6507936507936508,0.5978835978835979,0.269773,0.14095704,0.48638842,0.0019880896
0.8767123287671232,0.6210045662100456,0.5707762557077626,0.38156837,0.13632555,0.59819525,0.0016722981
0.9085365853658537,0.6524390243902439,0.6219512195121951,0.29538852,0.09331053,0.5444002,0.0018323656
0.9033613445378151,0.7436974789915967,0.6890756302521008,0.33639154,0.13870873,0.5028543,0.001945671
0.875,0.6944444444444444,0.6666666666666666,0.5065996,0.16719052,0.6694331,0.0014371336
0.9227053140096618,0.642512077294686,0.5990338164251208,0.28268862,0.12854862,0.5555355,0.0018004697
0.8281938325991189,0.7092511013215859,0.6696035242290749,0.34659383,0.1212167,0.5632483,0.0017779983
0.879746835443038,0.7341772151898734,0.7151898734177216,0.23102722,0.15759075,0.49604204,0.0019633912
0.8888888888888888,0.7777777777777778,0.7053140096618358,0.22616015,0.115651,0.445046,0.00208837
0.8237547892720306,0.7088122605363985,0.6590038314176245,0.41729447,0.107546546,0.63319707,0.0015600557
0.8972972972972973,0.8054054054054054,0.7675675675675676,0.3823416,0.095796,0.6343701,0.0015561836
0.9123711340206185,0.7731958762886598,0.7216494845360825,0.4003005,0.14634518,0.56978893,0.0017586994
0.8831168831168831,0.7727272727272727,0.7142857142857143,0.23502703,0.09983645,0.4792149,0.0020061277
0.8585365853658536,0.7317073170731707,0.6439024390243903,0.29725176,0.13272995,0.5379031,0.001850678
0.8478260869565217,0.691304347826087,0.6260869565217392,0.4056489,0.1333721,0.6427974,0.0015281547
0.9456521739130435,0.7282608695652174,0.7010869565217391,0.29223087,0.10742684,0.54463905,0.0018316883
0.8766519823788547,0.7577092511013216,0.7312775330396476,0.26273474,0.12296364,0.56930774,0.0017601269
0.8693693693693694,0.7972972972972973,0.7837837837837838,0.29945418,0.075020045,0.5331225,0.0018640117
0.8028846153846154,0.5384615384615384,0.5144230769230769,0.45431226,0.16750373,0.64409643,0.0015238017
0.9354838709677419,0.7661290322580645,0.6935483870967742,0.47435316,0.08014608,0.68039906,0.0013985863
0.8380566801619433,0.7368421052631579,0.7206477732793523,0.37131152,0.13432641,0.6292726,0.0015729583
0.9195402298850575,0.6954022988505747,0.6609195402298851,0.2993246,0.15514664,0.49986222,0.0019534838
0.8990825688073395,0.7935779816513762,0.7385321100917431,0.20584126,0.11926434,0.48303944,0.001996544
0.8528138528138528,0.6060606060606061,0.5887445887445888,0.2572968,0.15794629,0.49265426,0.001972114
0.863849765258216,0.6197183098591549,0.5821596244131455,0.5017043,0.17609581,0.6981744,0.0013347723
0.8225108225108225,0.7359307359307359,0.6926406926406926,0.2292164,0.11769095,0.5171949,0.0019075768
0.9222797927461139,0.6269430051813472,0.616580310880829,0.30870712,0.12786876,0.6085507,0.0016397554
0.8958333333333334,0.7152777777777778,0.6736111111111112,0.41031593,0.14510058,0.5911021,0.0016942663
0.920863309352518,0.7482014388489209,0.7338129496402878,0.43911672,0.19766995,0.6290297,0.0015737545
0.9494949494949495,0.7222222222222222,0.6818181818181818,0.23477001,0.108893186,0.48019722,0.0020036735
0.9090909090909091,0.7159090909090909,0.6818181818181818,0.33420444,0.106141955,0.58592004,0.0017101503
0.8162544169611308,0.696113074204947,0.6713780918727915,0.38785446,0.17571642,0.5914136,0.0016933071
0.8791208791208791,0.5934065934065934,0.554945054945055,0.300536,0.20386957,0.60592675,0.0016480543
0.8326693227091634,0.6972111553784861,0.6454183266932271,0.33869663,0.087260775,0.54983795,0.0018168705
0.83,0.615,0.57,0.33326343,0.1640748,0.5595614,0.0017887788
0.9162303664921466,0.6649214659685864,0.6335078534031413,0.35324898,0.12409099,0.59225416,0.0016907161
0.9296482412060302,0.7839195979899497,0.7537688442211056,0.22159813,0.10729497,0.47826838,0.0020084882
0.9060773480662984,0.6574585635359116,0.6408839779005525,0.25276443,0.12891419,0.5038736,0.0019429984
0.9251101321585903,0.7973568281938326,0.7577092511013216,0.31036708,0.10155188,0.5690075,0.0017610168
0.9281767955801105,0.6795580110497238,0.6685082872928176,0.29122186,0.10764427,0.54598385,0.0018278686
0.8645833333333334,0.7291666666666666,0.6770833333333334,0.44215876,0.1481855,0.6248607,0.0015873676
0.925764192139738,0.7729257641921398,0.7161572052401747,0.33845517,0.14726214,0.59847826,0.0016714161
0.9408284023668639,0.7337278106508875,0.6982248520710059,0.28112763,0.092422284,0.5646571,0.0017738607
0.856655290102389,0.7542662116040956,0.7235494880546075,0.36163443,0.15509868,0.59261686,0.0016895974
0.8823529411764706,0.6029411764705882,0.5735294117647058,0.25524434,0.13812582,0.5000182,0.0019530776
0.9455445544554455,0.7722772277227723,0.698019801980198,0.22235826,0.09727492,0.44865006,0.002079982
0.8795180722891566,0.6385542168674698,0.5963855421686747,0.2294701,0.18802595,0.47704682,0.002011527
0.8486486486486486,0.6972972972972973,0.6378378378378379,0.22542313,0.12407322,0.41752183,0.0021501966
0.9070796460176991,0.7610619469026548,0.7522123893805309,0.27103305,0.12228581,0.5434963,0.0018349263
0.834319526627219,0.6449704142011834,0.591715976331361,0.41119352,0.14803222,0.68534,0.0013810134
0.9004739336492891,0.6682464454976303,0.6303317535545023,0.44037586,0.17124218,0.63878965,0.0015415307
0.8789237668161435,0.7802690582959642,0.7219730941704036,0.25591844,0.11603014,0.56607157,0.0017696954
0.8280254777070064,0.6178343949044586,0.5859872611464968,0.32633814,0.20330873,0.5370614,0.0018530339
0.8148148148148148,0.7333333333333333,0.674074074074074,0.36174777,0.11940905,0.6185875,0.001607681
0.9359605911330049,0.7881773399014779,0.7487684729064039,0.3082984,0.17647234,0.5641981,0.0017752097
0.898876404494382,0.7752808988764045,0.7359550561797753,0.24174471,0.14407516,0.47928923,0.0020059424
0.9057591623036649,0.7958115183246073,0.6963350785340314,0.23449495,0.090967834,0.48955446,0.001980043
0.8629441624365483,0.7411167512690355,0.7157360406091371,0.27698907,0.14107797,0.5218817,0.0018948949
0.9094827586206896,0.7370689655172413,0.6594827586206896,0.41219985,0.14388101,0.5797003,0.0017290302
0.8936170212765957,0.7446808510638298,0.6808510638297872,0.32200754,0.099285625,0.5690779,0.0017608084
0.9086294416243654,0.6243654822335025,0.5888324873096447,0.32773668,0.1895106,0.55446,0.0018035785
0.9137931034482759,0.7873563218390804,0.7298850574712644,0.21054123,0.09669937,0.46844566,0.0020327051
0.94,0.752,0.728,0.3870504,0.15772523,0.6285504,0.0015753238
0.9411764705882353,0.6323529411764706,0.5980392156862745,0.27195504,0.13434613,0.5396187,0.0018458636
0.8740157480314961,0.7480314960629921,0.7283464566929134,0.37788546,0.11042343,0.6217205,0.0015975618
0.8698224852071006,0.6568047337278107,0.6035502958579881,0.30712146,0.14632954,0.5663711,0.0017688116
0.8940677966101694,0.6440677966101694,0.6059322033898306,0.27462906,0.18490033,0.5961325,0.0016787136
0.9050279329608939,0.6983240223463687,0.664804469273743,0.24206695,0.12458597,0.42099923,0.0021426033
0.75,0.6166666666666667,0.5388888888888889,0.31954443,0.13691674,0.50755656,0.0019332981
0.9378238341968912,0.6321243523316062,0.6062176165803109,0.2740118,0.1581184,0.5541053,0.0018046024
0.9211822660098522,0.7980295566502463,0.7783251231527094,0.22996113,0.132516,0.46173793,0.0020489534
0.8820960698689956,0.7860262008733624,0.7205240174672489,0.23442803,0.11740415,0.5072071,0.0019342211
0.9317073170731708,0.6292682926829268,0.5707317073170731,0.36253393,0.14016294,0.57500535,0.0017431477
0.9175257731958762,0.6185567010309279,0.5773195876288659,0.2515299,0.111654766,0.5139337,0.0019163336
0.9135135135135135,0.7027027027027027,0.6918918918918919,0.31714264,0.13977605,0.53207004,0.0018669311
0.8861386138613861,0.7920792079207921,0.7277227722772277,0.23957336,0.14320433,0.474074,0.0020188903
0.8738738738738738,0.7162162162162162,0.6891891891891891,0.30325705,0.121137336,0.5566539,0.0017972306
0.9147727272727273,0.5852272727272727,0.5681818181818182,0.3669934,0.25548458,0.5785949,0.0017323646
0.8497109826589595,0.7398843930635838,0.7167630057803468,0.25362185,0.10452586,0.521745,0.001895266
0.9415584415584416,0.7467532467532467,0.7077922077922078,0.27627444,0.08560828,0.5241112,0.0018888215
0.9516129032258065,0.6075268817204301,0.5591397849462365,0.40939307,0.17984699,0.6064192,0.0016464991
0.8307692307692308,0.7282051282051282,0.6974358974358974,0.40494055,0.1996815,0.60565454,0.0016489131
0.8994082840236687,0.6686390532544378,0.6627218934911243,0.16423362,0.13116077,0.40664017,0.0021735514
0.9217877094972067,0.7206703910614525,0.6871508379888268,0.20587632,0.12100765,0.46819443,0.0020333177
0.8916256157635468,0.7536945812807881,0.7241379310344828,0.19299024,0.12080224,0.42891678,0.002125079
0.8983050847457628,0.7401129943502824,0.7288135593220338,0.44729322,0.18896742,0.6603455,0.0014686043
0.9042553191489362,0.6542553191489362,0.6223404255319149,0.34773287,0.11261562,0.58637655,0.0017087568
0.9162011173184358,0.7039106145251397,0.664804469273743,0.30922404,0.17954454,0.4885538,0.0019825918
0.8540145985401459,0.7664233576642335,0.7372262773722628,0.36772302,0.13964991,0.622673,0.0015944749
0.8817204301075269,0.7634408602150538,0.7096774193548387,0.30284297,0.12864499,0.5260535,0.0018835099
0.865,0.6,0.555,0.28633443,0.16858542,0.58990157,0.0016979584
0.9020618556701031,0.8195876288659794,0.7628865979381443,0.2545546,0.13413641,0.4787734,0.0020072293
0.8814432989690721,0.7783505154639175,0.7474226804123711,0.21374227,0.10286258,0.47997546,0.0020042278
0.9068627450980392,0.6421568627450981,0.6323529411764706,0.40503854,0.21193424,0.5977569,0.001673663
0.8814432989690721,0.5824742268041238,0.5618556701030928,0.23086895,0.120972134,0.520016,0.0018999567
0.8734939759036144,0.7349397590361446,0.6385542168674698,0.28809798,0.18789394,0.4719116,0.0020242173
0.8620689655172413,0.7456896551724138,0.728448275862069,0.29811975,0.12800808,0.5337969,0.0018621379
0.9025641025641026,0.7897435897435897,0.7435897435897436,0.18864757,0.081396654,0.48020768,0.0020036472
0.8807339449541285,0.6330275229357798,0.5825688073394495,0.28421792,0.08444733,0.55668646,0.0017971359
0.9139784946236559,0.7419354838709677,0.7365591397849462,0.41307002,0.13216671,0.5727603,0.0017498584
0.9223300970873787,0.5970873786407767,0.5825242718446602,0.34154278,0.14280446,0.59732676,0.0016750023
0.9187817258883249,0.6243654822335025,0.5786802030456852,0.2901762,0.12372331,0.5667277,0.0017677598
0.8793969849246231,0.7738693467336684,0.7487437185929648,0.23907247,0.17005888,0.49490505,0.0019663253
0.9285714285714286,0.7633928571428571,0.7232142857142857,0.3808199,0.1538327,0.6040172,0.0016540712
0.9320388349514563,0.7330097087378641,0.6893203883495146,0.21769314,0.1340869,0.44327405,0.002092469
0.9057591623036649,0.7696335078534031,0.6910994764397905,0.25036845,0.1377208,0.49299806,0.0019712315
0.9344262295081968,0.6830601092896175,0.6338797814207651,0.2531529,0.13408765,0.50291,0.0019455251
0.9114583333333334,0.8020833333333334,0.71875,0.19889975,0.13286722,0.48468444,0.0019923984
0.9489795918367347,0.6173469387755102,0.6071428571428571,0.27324787,0.1298033,0.5343643,0.0018605593
0.9548387096774194,0.7935483870967742,0.7741935483870968,0.3004578,0.14166439,0.4791526,0.0020062833
0.8080808080808081,0.6868686868686869,0.6313131313131313,0.23170526,0.17217429,0.44004554,0.0020998956
0.8942731277533039,0.7444933920704846,0.6916299559471366,0.24505857,0.11543797,0.53617805,0.0018555028
0.9170305676855895,0.6812227074235808,0.6637554585152838,0.342146,0.16685604,0.58865654,0.0017017797
0.8344827586206897,0.7448275862068966,0.7137931034482758,0.39556897,0.11168275,0.61748785,0.001611221
0.9223300970873787,0.6310679611650486,0.6067961165048543,0.29971588,0.13205715,0.5815029,0.0017235791
0.7793103448275862,0.7517241379310344,0.6758620689655173,0.4360546,0.14335513,0.59851265,0.001671309
0.9325842696629213,0.7528089887640449,0.6910112359550562,0.27444202,0.14470078,0.50455004,0.0019412218
0.8375,0.7375,0.6875,0.28426,0.10940037,0.57951516,0.001729589
0.9142857142857143,0.8095238095238095,0.7952380952380952,0.2367173,0.08967929,0.5262681,0.0018829216
0.861271676300578,0.6473988439306358,0.5780346820809249,0.45031676,0.12315604,0.6261436,0.0015831884
0.8492647058823529,0.7058823529411765,0.6838235294117647,0.3680721,0.12758651,0.5917719,0.0016922032
0.9234972677595629,0.7650273224043715,0.7049180327868853,0.2814967,0.12485987,0.49695492,0.001961031
0.8883248730964467,0.5939086294416244,0.5786802030456852,0.27655736,0.11100495,0.540739,0.0018427117
0.9137055837563451,0.6243654822335025,0.5532994923857868,0.30255988,0.15816112,0.5793332,0.0017301381
0.6927710843373494,0.6506024096385542,0.5963855421686747,0.30697408,0.21745612,0.61302936,0.001625508
0.8875739644970414,0.6331360946745562,0.591715976331361,0.19094223,0.09941134,0.4651165,0.0020407985
0.9281767955801105,0.6850828729281768,0.6408839779005525,0.31169587,0.18143928,0.5292775,0.0018746495
0.9186046511627907,0.7383720930232558,0.7325581395348837,0.4856494,0.14752941,0.6735562,0.0014227141
0.8809523809523809,0.6309523809523809,0.5833333333333334,0.3520896,0.090220354,0.6023977,0.0016591591
0.8229166666666666,0.6145833333333334,0.515625,0.382558,0.19212884,0.48459804,0.0019926166
0.91,0.725,0.705,0.24585192,0.15596808,0.4169606,0.0021514164
0.8926829268292683,0.5951219512195122,0.5414634146341464,0.3262571,0.1502419,0.57190096,0.00175242
0.9044117647058824,0.7205882352941176,0.7205882352941176,0.31181437,0.100649565,0.572332,0.001751136
0.9234972677595629,0.73224043715847,0.6939890710382514,0.23521763,0.1619917,0.41840523,0.0021482736
0.9032258064516129,0.7258064516129032,0.6612903225806451,0.19345635,0.100813635,0.4212455,0.0021420633
0.8661087866108786,0.8075313807531381,0.7824267782426778,0.30614048,0.12081621,0.5675657,0.0017652847
0.88,0.765,0.71,0.43174738,0.19550475,0.5567435,0.0017969707
0.8928571428571429,0.7959183673469388,0.7653061224489796,0.39109102,0.18202119,0.6434607,0.0015259334
0.9642857142857143,0.7440476190476191,0.7202380952380952,0.31298512,0.16729134,0.47668418,0.0020124277
0.8870967741935484,0.553763440860215,0.5376344086021505,0.31256017,0.14175458,0.50440246,0.0019416098
0.9222797927461139,0.7305699481865285,0.6839378238341969,0.37679464,0.21496513,0.5505284,0.0018148919
0.852017937219731,0.6367713004484304,0.6188340807174888,0.3071889,0.16204259,0.58814895,0.0017033356
0.8805970149253731,0.7562189054726368,0.6965174129353234,0.22650042,0.13709153,0.5182102,0.0019048392
0.8939393939393939,0.6161616161616161,0.5707070707070707,0.315674,0.07907968,0.57517594,0.0017426371
0.8826291079812206,0.5915492957746479,0.5727699530516432,0.37852573,0.21741256,0.62496686,0.0015870217
0.9190751445086706,0.7572254335260116,0.7109826589595376,0.25127232,0.12554707,0.45164502,0.0020729604
0.9444444444444444,0.6234567901234568,0.5987654320987654,0.20893028,0.13168679,0.51735103,0.0019071562
0.8736263736263736,0.6428571428571429,0.6208791208791209,0.29933348,0.15367265,0.53141993,0.0018687317
0.9361702127659575,0.6648936170212766,0.6542553191489362,0.2633027,0.15967996,0.49906853,0.0019555485
0.9333333333333333,0.8222222222222222,0.7822222222222223,0.27654436,0.1778869,0.50618887,0.0019369085
0.8056872037914692,0.7535545023696683,0.7298578199052133,0.23443735,0.16067335,0.5415714,0.0018403657
0.8615384615384616,0.5487179487179488,0.5230769230769231,0.41699776,0.13113758,0.68186766,0.0013933764
0.8878923766816144,0.7757847533632287,0.7309417040358744,0.31037325,0.15659674,0.57370824,0.0017470284
0.8210526315789474,0.6578947368421053,0.6052631578947368,0.23068462,0.16145276,0.4525773,0.002070765
0.93717277486911,0.7958115183246073,0.7486910994764397,0.29275164,0.1537407,0.43674657,0.0021074282
0.8853503184713376,0.5605095541401274,0.535031847133758,0.2474623,0.17110379,0.44906232,0.0020790184
0.9156626506024096,0.7951807228915663,0.7530120481927711,0.30353075,0.16006798,0.5069865,0.001934804
0.8830409356725146,0.7660818713450293,0.7192982456140351,0.40369055,0.16365983,0.5783306,0.0017331609
0.8814432989690721,0.7628865979381443,0.711340206185567,0.24087428,0.104281075,0.5085014,0.0019307978
0.9119170984455959,0.7875647668393783,0.7461139896373057,0.25634098,0.14470485,0.4812727,0.0020009808
0.9195979899497487,0.6180904522613065,0.5728643216080402,0.2590516,0.1293869,0.5402703,0.0018440309
0.8613138686131386,0.7481751824817519,0.7043795620437956,0.35655892,0.14362752,0.6225255,0.0015949532
0.9294117647058824,0.7,0.6294117647058823,0.45482698,0.14250882,0.68782824,0.0013721153
0.9296482412060302,0.7839195979899497,0.7487437185929648,0.25192395,0.13963787,0.46342474,0.0020448894
0.9076923076923077,0.8,0.7692307692307693,0.24340972,0.15944342,0.46909076,0.0020311298
0.9020618556701031,0.634020618556701,0.5979381443298969,0.30918193,0.15334825,0.5615932,0.0017828468
0.8601398601398601,0.6993006993006993,0.6503496503496503,0.27712572,0.14741565,0.56148785,0.0017831546
0.8663101604278075,0.7272727272727273,0.6737967914438503,0.39027467,0.15692806,0.5938141,0.0016858979
0.8068181818181818,0.6306818181818182,0.5738636363636364,0.36562502,0.16092724,0.5727922,0.0017497633
0.7967032967032966,0.5604395604395604,0.5439560439560439,0.31068766,0.17805913,0.5604008,0.0017863306
0.905,0.765,0.69,0.23850629,0.109803446,0.47719058,0.0020111697
0.8829268292682927,0.5951219512195122,0.5951219512195122,0.33149692,0.115369014,0.5782677,0.0017333502
0.8131313131313131,0.6212121212121212,0.5757575757575758,0.22875643,0.1544438,0.47522393,0.0020160477
0.8456140350877193,0.7228070175438597,0.7087719298245614,0.40767688,0.15428393,0.5935965,0.0016865708
0.8805970149253731,0.664179104477612,0.6268656716417911,0.44975334,0.16885896,0.6421517,0.0015303151
0.8951048951048951,0.7342657342657343,0.6993006993006993,0.35157475,0.11136491,0.5670406,0.0017668359
0.8860103626943006,0.6062176165803109,0.5699481865284974,0.2804589,0.12564342,0.5380787,0.0018501856
0.9428571428571428,0.7485714285714286,0.7314285714285714,0.30291575,0.15645447,0.5949241,0.0016824618
0.9170506912442397,0.7142857142857143,0.6912442396313364,0.37557706,0.12958178,0.624729,0.0015877964
0.9195979899497487,0.8241206030150754,0.7788944723618091,0.23702954,0.089156516,0.46211502,0.002048046
0.9440993788819876,0.6459627329192547,0.6273291925465838,0.31789267,0.1692039,0.53435963,0.0018605724
0.9115646258503401,0.7210884353741497,0.6598639455782312,0.32991982,0.17116332,0.5137532,0.001916817
0.8838383838383839,0.6111111111111112,0.5808080808080808,0.2738865,0.15455078,0.54068494,0.001842864
0.855,0.63,0.505,0.3465286,0.17058538,0.5625998,0.0017798996
0.8918918918918919,0.7432432432432432,0.7072072072072072,0.21552339,0.08559583,0.51158094,0.0019226171
0.8523809523809524,0.6190476190476191,0.5523809523809524,0.35795048,0.1366298,0.53440833,0.0018604369
0.8844221105527639,0.6381909547738693,0.5829145728643216,0.36193755,0.17836267,0.61144036,0.0016305749
0.9096385542168675,0.7349397590361446,0.6867469879518072,0.26285878,0.14883786,0.5575581,0.0017946068
0.91324200913242,0.6164383561643836,0.5388127853881278,0.32594854,0.10581901,0.5599562,0.0017876277
0.9312977099236641,0.7786259541984732,0.6946564885496184,0.4834553,0.22417875,0.6731043,0.0014242986
0.8924731182795699,0.6129032258064516,0.6021505376344086,0.3586058,0.16465616,0.5583031,0.0017924416
0.949748743718593,0.7889447236180904,0.7487437185929648,0.2528329,0.14777565,0.46654505,0.0020373324
0.9329608938547486,0.6256983240223464,0.6033519553072626,0.28623515,0.1723899,0.52020204,0.0018994528
0.8565022421524664,0.7847533632286996,0.7399103139013453,0.21915908,0.09434792,0.49271998,0.0019719454
0.8839779005524862,0.6187845303867403,0.5580110497237569,0.27448583,0.15887088,0.529183,0.0018749097
0.9158878504672897,0.780373831775701,0.7289719626168224,0.2305509,0.09290633,0.48710945,0.0019862615
0.9122807017543859,0.6783625730994152,0.6608187134502924,0.35607,0.1364556,0.57351524,0.001747605
0.8776978417266187,0.6618705035971223,0.6258992805755396,0.31778142,0.16386105,0.54368156,0.001834402
0.8582995951417004,0.6639676113360324,0.6153846153846154,0.4549665,0.12988672,0.68454474,0.0013838504
0.9166666666666666,0.7055555555555556,0.6944444444444444,0.44633698,0.15234402,0.6524995,0.0014954278
0.8846153846153846,0.6153846153846154,0.5824175824175825,0.29623544,0.11430346,0.5081479,0.0019317338
0.8980392156862745,0.7098039215686275,0.6980392156862745,0.40469798,0.14000522,0.60172355,0.0016612731
0.9417040358744395,0.7982062780269058,0.7802690582959642,0.20749271,0.08249735,0.47713444,0.0020113091
0.8387096774193549,0.7880184331797235,0.7741935483870968,0.27113688,0.097219676,0.5237433,0.0018898254
0.9119170984455959,0.7616580310880829,0.7357512953367875,0.20938458,0.13029036,0.47242752,0.0020229483
0.7636363636363637,0.6545454545454545,0.6303030303030303,0.34212878,0.17696127,0.56806225,0.0017638163
0.8769230769230769,0.6461538461538462,0.6153846153846154,0.37536287,0.096832335,0.60710615,0.0016443286
0.9273743016759777,0.553072625698324,0.5251396648044693,0.4229324,0.15430188,0.65013087,0.0015034635
0.9316770186335404,0.7329192546583851,0.7080745341614907,0.39089498,0.180119,0.6091867,0.0016377387
0.9303482587064676,0.5671641791044776,0.5522388059701493,0.28386763,0.1748424,0.53794587,0.0018505579
0.9441624365482234,0.7106598984771574,0.6852791878172588,0.3205292,0.14453721,0.51981145,0.0019005107
0.9322916666666666,0.8072916666666666,0.75,0.24951454,0.13967197,0.46366924,0.002044299
0.895,0.78,0.745,0.26375282,0.12739559,0.50666124,0.0019356624
0.9008620689655172,0.7370689655172413,0.7370689655172413,0.3014824,0.13177115,0.5651523,0.0017724033
0.8369565217391305,0.6521739130434783,0.6467391304347826,0.35839167,0.16597731,0.5683053,0.0017630964
0.8855721393034826,0.6616915422885572,0.5970149253731343,0.23159584,0.17380287,0.47078758,0.0020269768
0.9163346613545816,0.7569721115537849,0.7330677290836654,0.26612055,0.11661202,0.5702723,0.0017572641
0.8636363636363636,0.7207792207792207,0.6948051948051948,0.35893357,0.11621357,0.56727934,0.0017661303
0.9154228855721394,0.6218905472636815,0.5920398009950248,0.29559708,0.14874157,0.55853575,0.0017917651
0.8615384615384616,0.7589743589743589,0.7128205128205128,0.23201126,0.080802105,0.48746362,0.0019853627
0.9090909090909091,0.6446280991735537,0.5537190082644629,0.39063042,0.16244441,0.5861968,0.0017093057
0.8321167883211679,0.6970802919708029,0.6715328467153284,0.3856564,0.1037501,0.6309568,0.0015674314
0.8816326530612245,0.7795918367346939,0.7306122448979592,0.3009507,0.10933667,0.56386924,0.0017761759
0.898989898989899,0.6313131313131313,0.5707070707070707,0.3308875,0.19899827,0.577618,0.0017353059
0.885,0.77,0.74,0.2484937,0.12991081,0.4869612,0.0019866375
0.9006211180124224,0.6521739130434783,0.6211180124223602,0.18386018,0.18107224,0.50458276,0.0019411357
0.8898305084745762,0.7330508474576272,0.6694915254237288,0.32049713,0.11107209,0.5581371,0.0017929245
0.8810572687224669,0.8105726872246696,0.7092511013215859,0.2481276,0.11027813,0.51819223,0.0019048876
0.8986175115207373,0.5714285714285714,0.5483870967741935,0.50902575,0.12602288,0.7129913,0.0012803215
0.8926829268292683,0.7414634146341463,0.7365853658536585,0.27969387,0.14374523,0.5409886,0.0018420089
0.8994082840236687,0.6982248520710059,0.621301775147929,0.3501284,0.12979552,0.60327864,0.0016563932
0.8994413407821229,0.6256983240223464,0.5642458100558659,0.30103672,0.15583804,0.52015215,0.0018995878
0.8791208791208791,0.7197802197802198,0.6813186813186813,0.26381832,0.1329418,0.43955478,0.0021010197
0.8910256410256411,0.6666666666666666,0.5833333333333334,0.49596664,0.09837562,0.73351717,0.0012030017
0.7906976744186046,0.6232558139534884,0.5813953488372093,0.5038392,0.21239723,0.6576492,0.001477858
0.9210526315789473,0.6,0.5631578947368421,0.2927037,0.15061049,0.5580797,0.0017930915
0.8313253012048193,0.6947791164658634,0.642570281124498,0.33667883,0.10408905,0.58377534,0.0017166832
0.8764044943820225,0.6292134831460674,0.6235955056179775,0.26387787,0.18781468,0.5087246,0.0019302064
0.8490566037735849,0.7232704402515723,0.6981132075471698,0.27778104,0.15326867,0.51383245,0.0019166049
0.7857142857142857,0.7030075187969925,0.6879699248120301,0.34636027,0.118458465,0.61479545,0.0016198605
0.8921568627450981,0.6715686274509803,0.6470588235294118,0.42920202,0.12156932,0.63144594,0.001565823
0.8947368421052632,0.6491228070175439,0.5789473684210527,0.26059377,0.19268191,0.5341391,0.0018611861
0.9086294416243654,0.6192893401015228,0.6040609137055838,0.26122114,0.17678118,0.5010795,0.0019503109
0.890625,0.6354166666666666,0.578125,0.2489887,0.12355067,0.45930398,0.0020547914
0.9029126213592233,0.587378640776699,0.5679611650485437,0.26334563,0.14397159,0.51837105,0.0019044051
0.8538461538461538,0.7653846153846153,0.7230769230769231,0.38240394,0.15561223,0.62059945,0.0016011886
0.8943089430894309,0.7723577235772358,0.7520325203252033,0.25440243,0.13211493,0.5385764,0.0018487903
0.8743455497382199,0.7382198952879581,0.7015706806282722,0.3724382,0.17529638,0.5834352,0.0017177175
0.8588957055214724,0.7300613496932515,0.7116564417177914,0.2118441,0.15649086,0.50465924,0.0019409349
0.77734375,0.6875,0.67578125,0.3570556,0.11741147,0.6144924,0.001620831
0.8174273858921162,0.6307053941908713,0.5975103734439834,0.37224072,0.15734184,0.6358316,0.0015513493
0.782608695652174,0.6618357487922706,0.6183574879227053,0.36796755,0.15678729,0.5918921,0.0016918327
0.8617511520737328,0.7327188940092166,0.7235023041474654,0.3227879,0.10383165,0.59806323,0.0016727092
0.8994974874371859,0.6231155778894473,0.5979899497487438,0.28058782,0.14043914,0.5459441,0.0018279818
0.8854166666666666,0.6979166666666666,0.625,0.24152483,0.15884924,0.51110286,0.0019238904
0.9507389162561576,0.7093596059113301,0.645320197044335,0.31737804,0.20130886,0.54097116,0.0018420577
0.797752808988764,0.7153558052434457,0.704119850187266,0.35490072,0.09632051,0.61179405,0.001629448
0.8235294117647058,0.7352941176470589,0.6470588235294118,0.4533395,0.16737713,0.65930593,0.0014721764
0.9234234234234234,0.6846846846846847,0.6576576576576577,0.3840546,0.15913074,0.5668132,0.0017675074
0.8994708994708994,0.6137566137566137,0.5925925925925926,0.51676494,0.19955827,0.69179183,0.001357875
0.8884120171673819,0.6137339055793991,0.5793991416309013,0.43405306,0.12861852,0.6636165,0.0014573255
0.9155555555555556,0.7911111111111111,0.76,0.2546432,0.10690491,0.5413403,0.0018410176
0.9197860962566845,0.8074866310160428,0.7219251336898396,0.24512888,0.10337155,0.4839705,0.0019941994
0.9371980676328503,0.5893719806763285,0.5410628019323671,0.3009702,0.11081676,0.5763344,0.001739163
0.845771144278607,0.6666666666666666,0.6119402985074627,0.2679481,0.1659,0.54298234,0.0018363809
0.8673469387755102,0.7857142857142857,0.7397959183673469,0.2355186,0.09457402,0.472102,0.0020237493
0.8071428571428572,0.6571428571428571,0.6428571428571429,0.4798358,0.12168329,0.6813523,0.001395206
0.848314606741573,0.8202247191011236,0.7696629213483146,0.3495461,0.16013688,0.5717375,0.0017529066
0.8614718614718615,0.7619047619047619,0.7489177489177489,0.3643655,0.13591008,0.61254287,0.0016270606
0.8972972972972973,0.7945945945945946,0.772972972972973,0.24190693,0.12391601,0.48131028,0.0020008867
0.8082706766917294,0.7293233082706767,0.7218045112781954,0.34102213,0.21002264,0.55266196,0.0018087626
0.8203125,0.7109375,0.63671875,0.34437737,0.14733464,0.5896025,0.0016988775
0.9152542372881356,0.690677966101695,0.6610169491525424,0.3238901,0.16398793,0.60113496,0.0016631167
0.9076923076923077,0.7538461538461538,0.6846153846153846,0.40189153,0.14496765,0.59717214,0.0016754828
0.8795811518324608,0.7643979057591623,0.6858638743455497,0.21920137,0.1289275,0.4586545,0.0020563437
0.8980582524271845,0.6262135922330098,0.6019417475728155,0.2951693,0.15623316,0.5657409,0.00177067
0.8883495145631068,0.7961165048543689,0.7621359223300971,0.30144238,0.15609892,0.5558175,0.0017996533
0.8903508771929824,0.618421052631579,0.5789473684210527,0.36927298,0.1674206,0.5672819,0.0017661229
0.8922155688622755,0.6706586826347305,0.6347305389221557,0.23647839,0.0945025,0.45021948,0.0020763085
0.9384615384615385,0.7948717948717948,0.7538461538461538,0.25064322,0.110928245,0.48248333,0.0019979423
0.936046511627907,0.627906976744186,0.6104651162790697,0.29888138,0.15996346,0.519653,0.0019009396
0.8854166666666666,0.578125,0.5572916666666666,0.28583568,0.15826264,0.51706386,0.0019079294
0.8423236514522822,0.7219917012448133,0.6680497925311203,0.44893533,0.11405456,0.65766364,0.0014778087
0.899581589958159,0.7740585774058577,0.7573221757322176,0.32539678,0.09565398,0.60162413,0.0016615846
0.7768924302788844,0.6932270916334662,0.6812749003984063,0.3342786,0.13293673,0.5968915,0.0016763555
0.8839285714285714,0.7723214285714286,0.7232142857142857,0.21730962,0.13809949,0.50867504,0.001930338
0.9166666666666666,0.6510416666666666,0.6041666666666666,0.36235878,0.14343463,0.5916234,0.0016926605
0.915,0.75,0.725,0.35949862,0.1298272,0.49516255,0.0019656615
0.7949640287769785,0.6942446043165468,0.6690647482014388,0.42388868,0.1243435,0.62557894,0.0015850285
0.8860759493670886,0.7046413502109705,0.6835443037974683,0.37880677,0.14333926,0.6077363,0.0016423349
0.9044943820224719,0.7471910112359551,0.7134831460674157,0.29418164,0.10810491,0.5193991,0.0019016266
0.9345794392523364,0.7242990654205608,0.6822429906542056,0.18423569,0.10420574,0.47521952,0.0020160584
0.9029126213592233,0.6747572815533981,0.6359223300970874,0.23653968,0.10128541,0.4948261,0.0019665288
0.9398907103825137,0.7704918032786885,0.726775956284153,0.32070914,0.12572667,0.56875783,0.0017617567
0.8878923766816144,0.7757847533632287,0.7488789237668162,0.25931576,0.12051475,0.5223343,0.0018936641
0.8916666666666667,0.7166666666666667,0.6583333333333333,0.43488762,0.16149019,0.64775157,0.0015115049
0.9293478260869565,0.6956521739130435,0.625,0.23733081,0.0914017,0.48435375,0.001993233
0.9027777777777778,0.7916666666666666,0.7453703703703703,0.29925516,0.110004164,0.5640162,0.001775744
0.9120879120879121,0.7692307692307693,0.7527472527472527,0.26335946,0.18777613,0.50088227,0.0019508256
0.9285714285714286,0.7563025210084033,0.7100840336134454,0.446851,0.17320271,0.62632823,0.0015825856
0.8471615720524017,0.6506550218340611,0.6331877729257642,0.30001548,0.102082945,0.56487066,0.0017732321
0.8849557522123894,0.7389380530973452,0.7035398230088495,0.31106225,0.16718258,0.61291003,0.001625889
0.8873873873873874,0.7882882882882883,0.7162162162162162,0.2156452,0.103858516,0.51382643,0.0019166208
0.8877551020408163,0.6173469387755102,0.6173469387755102,0.35426936,0.13610935,0.6242826,0.0015892483
0.9038461538461539,0.7615384615384615,0.7461538461538462,0.3877818,0.1128544,0.6504699,0.0015023152
0.8277027027027027,0.6858108108108109,0.6722972972972973,0.34940407,0.16039042,0.5962437,0.0016783687
0.8626373626373627,0.7747252747252747,0.7142857142857143,0.23976207,0.119861536,0.47855714,0.0020077683
0.8538812785388128,0.7488584474885844,0.7077625570776256,0.4076539,0.15521482,0.55950737,0.0017889364
0.8666666666666667,0.7822222222222223,0.7155555555555555,0.22268435,0.13842493,0.48575813,0.001989685
0.9247311827956989,0.6451612903225806,0.6290322580645161,0.25859746,0.09854662,0.50660455,0.0019358122
0.9090909090909091,0.6363636363636364,0.6111111111111112,0.2786978,0.15386198,0.5541549,0.0018044593
0.8018018018018018,0.6711711711711712,0.6126126126126126,0.26797965,0.14039691,0.55778205,0.001793956
0.9671361502347418,0.6666666666666666,0.6103286384976526,0.25978914,0.09657786,0.5283868,0.001877103
0.8967391304347826,0.6684782608695652,0.625,0.35160092,0.14862587,0.5677559,0.0017647222
0.851528384279476,0.7510917030567685,0.6986899563318777,0.30587465,0.13476638,0.56509286,0.0017725782
0.7808764940239044,0.6414342629482072,0.6135458167330677,0.4705755,0.21949561,0.57733,0.0017361724
0.9146341463414634,0.7560975609756098,0.7276422764227642,0.38818666,0.106245734,0.59371096,0.0016862168
0.8188405797101449,0.7318840579710145,0.6666666666666666,0.35390794,0.12115044,0.5917338,0.0016923206
0.7672955974842768,0.6981132075471698,0.6918238993710691,0.43680626,0.15180562,0.61959505,0.0016044322
0.8447488584474886,0.680365296803653,0.634703196347032,0.37010843,0.1854749,0.60679317,0.0016453179
0.9105263157894737,0.7894736842105263,0.7421052631578947,0.25426885,0.14410262,0.47589877,0.0020143758
0.9097222222222222,0.7777777777777778,0.7430555555555556,0.40354446,0.2085417,0.5822187,0.0017214097
0.9067796610169492,0.7711864406779662,0.7161016949152542,0.28205842,0.10509961,0.5630205,0.0017786664
0.9381443298969072,0.6082474226804123,0.5567010309278351,0.2874104,0.17337704,0.5218047,0.001895104
0.9120370370370371,0.7870370370370371,0.7268518518518519,0.31540155,0.16862825,0.5669638,0.0017670626
0.9192546583850931,0.7701863354037267,0.7080745341614907,0.30388263,0.11676417,0.5344936,0.0018601995
0.9166666666666666,0.65625,0.625,0.24672492,0.12758774,0.5026124,0.001946304
0.8095238095238095,0.7285714285714285,0.7047619047619048,0.4075883,0.18218718,0.597059,0.0016758349
0.895,0.775,0.745,0.21163872,0.1197982,0.46215644,0.0020479464
0.9367088607594937,0.759493670886076,0.7025316455696202,0.28210816,0.12443172,0.5582998,0.0017924517
0.9020618556701031,0.6030927835051546,0.5773195876288659,0.3254277,0.15398878,0.56145144,0.0017832614
0.8464730290456431,0.8008298755186722,0.7551867219917012,0.3012575,0.1485973,0.597713,0.0016738003
0.9426751592356688,0.7643312101910829,0.7388535031847133,0.25213906,0.1417,0.5380944,0.0018501418
0.9211822660098522,0.6206896551724138,0.5862068965517241,0.31639487,0.13874187,0.5394049,0.0018464647
0.8985507246376812,0.8309178743961353,0.7584541062801933,0.3605157,0.10862592,0.58329827,0.0017181332
0.8811881188118812,0.594059405940594,0.5594059405940595,0.29967016,0.14001752,0.5879711,0.0017038804
0.9203980099502488,0.6119402985074627,0.572139303482587,0.30587777,0.14157669,0.58885205,0.0017011804
0.9392712550607287,0.7368421052631579,0.6842105263157895,0.3500718,0.1443506,0.5954859,0.00168072
0.9242424242424242,0.6111111111111112,0.5808080808080808,0.22574577,0.13291426,0.43884358,0.0021026467
0.9115646258503401,0.6462585034013606,0.6394557823129252,0.3776542,0.12149349,0.5425381,0.0018376367
0.8591549295774648,0.6971830985915493,0.6408450704225352,0.45617273,0.16414712,0.60979337,0.0016358126
0.9141414141414141,0.6515151515151515,0.6060606060606061,0.24035776,0.14195597,0.5158526,0.0019111879
0.9027777777777778,0.7361111111111112,0.6944444444444444,0.41872597,0.11910794,0.63098454,0.0015673399
0.825503355704698,0.7718120805369127,0.6644295302013423,0.31966448,0.119214065,0.5549995,0.0018020198
0.9134615384615384,0.7740384615384616,0.7355769230769231,0.22491276,0.1034888,0.45392525,0.002067583
0.8693467336683417,0.7085427135678392,0.6884422110552764,0.36000115,0.17794028,0.58294415,0.0017192088
0.923469387755102,0.6938775510204082,0.6785714285714286,0.39922428,0.24666381,0.5288114,0.0018759336
0.9148936170212766,0.6468085106382979,0.6,0.40711066,0.10158938,0.63823706,0.0015433683
0.9175257731958762,0.6237113402061856,0.5927835051546392,0.34074786,0.14701691,0.605125,0.0016505826
0.9187817258883249,0.7868020304568528,0.7461928934010152,0.26423246,0.11176842,0.46911168,0.0020310786
0.9230769230769231,0.5384615384615384,0.49230769230769234,0.27351457,0.15072514,0.5278301,0.0018786337
0.7751479289940828,0.7159763313609467,0.6331360946745562,0.31513235,0.12849264,0.57839787,0.0017329581
0.9120879120879121,0.6868131868131868,0.6538461538461539,0.26409712,0.13834488,0.5238106,0.0018896417
0.7661016949152543,0.6813559322033899,0.6542372881355932,0.3628175,0.16977735,0.58952653,0.0016991108
0.9090909090909091,0.6704545454545454,0.6420454545454546,0.32019582,0.16135347,0.586478,0.0017084474
0.9035532994923858,0.7918781725888325,0.7563451776649747,0.23573124,0.13607179,0.48554373,0.0019902273
0.8796296296296297,0.6481481481481481,0.5972222222222222,0.3230856,0.11275207,0.59975624,0.0016674282
0.9282051282051282,0.5641025641025641,0.5333333333333333,0.25536868,0.115259014,0.54674536,0.0018257018
0.9171270718232044,0.6519337016574586,0.6464088397790055,0.30311325,0.13045481,0.5202771,0.0018992493
0.9239766081871345,0.6783625730994152,0.6140350877192983,0.33623835,0.13087118,0.533802,0.0018621236
0.8449612403100775,0.6782945736434108,0.624031007751938,0.3740638,0.11051632,0.6353355,0.0015529916
0.8617021276595744,0.6170212765957447,0.6063829787234043,0.25480008,0.13899803,0.51575994,0.001911437
0.9058823529411765,0.7,0.6294117647058823,0.27407712,0.18588404,0.5578995,0.0017936152
0.8732394366197183,0.6948356807511737,0.6572769953051644,0.36244735,0.14081544,0.55790025,0.0017936128
0.92,0.62,0.6,0.3445191,0.14273435,0.56129014,0.0017837327
0.8994974874371859,0.6633165829145728,0.6432160804020101,0.43819562,0.14796437,0.6668291,0.0014461953
0.9255813953488372,0.786046511627907,0.7209302325581395,0.33954716,0.14263666,0.5431081,0.001836025
0.8883248730964467,0.7614213197969543,0.7360406091370558,0.23468235,0.10658938,0.5068443,0.0019351795
0.9096385542168675,0.6566265060240963,0.5903614457831325,0.3444151,0.14780994,0.55419743,0.0018043366
0.9017857142857143,0.7633928571428571,0.7142857142857143,0.29694045,0.15845813,0.5741304,0.0017457664
0.9271844660194175,0.7524271844660194,0.6844660194174758,0.18848485,0.09552966,0.46574777,0.0020392684
0.8461538461538461,0.7527472527472527,0.7417582417582418,0.3205537,0.12434526,0.55348116,0.0018064026
0.9325842696629213,0.6853932584269663,0.6741573033707865,0.34900913,0.20025733,0.5677444,0.0017647557
0.8666666666666667,0.6619047619047619,0.6190476190476191,0.29245535,0.1387379,0.58599734,0.0017099144
0.9157303370786517,0.6685393258426966,0.6404494382022472,0.35573602,0.16139519,0.5681761,0.001763479
0.9262672811059908,0.7972350230414746,0.7465437788018433,0.22322911,0.10550852,0.47243208,0.0020229374
0.9178743961352657,0.6328502415458938,0.5942028985507246,0.27345118,0.14392103,0.56607914,0.0017696731
0.8846153846153846,0.6593406593406593,0.6318681318681318,0.30107903,0.12890458,0.5161321,0.0019104364
0.9,0.780952380952381,0.719047619047619,0.23677553,0.11721709,0.50029564,0.0019523548
0.9179487179487179,0.6102564102564103,0.5846153846153846,0.31362805,0.13378523,0.5708448,0.001755563
0.8901960784313725,0.7647058823529411,0.6901960784313725,0.33500534,0.09804469,0.599369,0.0016686376
0.7798507462686567,0.6716417910447762,0.667910447761194,0.32138368,0.1262952,0.5880887,0.00170352
0.9226804123711341,0.7989690721649485,0.7577319587628866,0.24053638,0.10956262,0.48738575,0.0019855604
0.8458498023715415,0.6798418972332015,0.6245059288537549,0.27661943,0.08687326,0.5897714,0.0016983583
0.8917748917748918,0.6147186147186147,0.5670995670995671,0.38409275,0.09652943,0.6261595,0.0015831363
0.8340807174887892,0.6816143497757847,0.6457399103139013,0.37084106,0.16726415,0.54266024,0.0018372916
0.905829596412556,0.7937219730941704,0.7443946188340808,0.34607172,0.12872231,0.6026728,0.0016582953
0.9,0.748,0.692,0.27109465,0.12497493,0.55732083,0.0017952953
0.92,0.76,0.7333333333333333,0.35041887,0.2063477,0.5474038,0.0018238258
0.8584905660377359,0.6933962264150944,0.6745283018867925,0.2406333,0.1363048,0.50454175,0.0019412437
0.8894736842105263,0.6105263157894737,0.5578947368421052,0.19891138,0.13516311,0.5117928,0.0019220527
0.9106382978723404,0.7446808510638298,0.723404255319149,0.26840216,0.108551145,0.5616149,0.001782783
0.869281045751634,0.7320261437908496,0.6078431372549019,0.32696623,0.15434329,0.6056398,0.0016489596
0.9398907103825137,0.73224043715847,0.6939890710382514,0.31245983,0.15793172,0.49575245,0.0019641393
0.92,0.75,0.695,0.23562582,0.13943368,0.46588138,0.0020389438
0.8571428571428571,0.7285714285714285,0.65,0.41714612,0.14142027,0.6738423,0.0014217094
0.9292452830188679,0.6132075471698113,0.6037735849056604,0.2894068,0.19248514,0.5285037,0.0018767809
0.8418803418803419,0.6410256410256411,0.6282051282051282,0.41081074,0.1045096,0.66188574,0.0014633
0.8341463414634146,0.5902439024390244,0.5121951219512195,0.30288878,0.14373398,0.49553928,0.0019646897
0.8534031413612565,0.6387434554973822,0.6230366492146597,0.29817173,0.1554329,0.5132315,0.0019182119
0.9257142857142857,0.6342857142857142,0.5942857142857143,0.26778686,0.16239165,0.5104189,0.0019257098
0.9150943396226415,0.8018867924528302,0.7405660377358491,0.2242543,0.12135132,0.51486117,0.0019138489
0.9101123595505618,0.7471910112359551,0.702247191011236,0.42316598,0.1834076,0.6650413,0.001452396
0.7729083665338645,0.649402390438247,0.6175298804780877,0.37239447,0.17812999,0.62581694,0.0015842532
0.8497409326424871,0.6424870466321243,0.6113989637305699,0.3078425,0.19931594,0.46862137,0.002032276
0.8524590163934426,0.7868852459016393,0.7704918032786885,0.20155293,0.082935944,0.47317168,0.0020211162
0.8979591836734694,0.6462585034013606,0.6122448979591837,0.39117435,0.1721063,0.6302656,0.0015697012
0.9,0.7578947368421053,0.7263157894736842,0.2296723,0.11640147,0.47730976,0.0020108735
0.93717277486911,0.6596858638743456,0.6020942408376964,0.31980413,0.1260829,0.55735373,0.0017952
0.9310344827586207,0.6502463054187192,0.6009852216748769,0.33034235,0.1427639,0.5690907,0.0017607701
0.9246231155778895,0.6532663316582915,0.6180904522613065,0.3509632,0.117142074,0.59053963,0.001695997
0.8944444444444445,0.7111111111111111,0.5777777777777777,0.32817647,0.19000934,0.5476636,0.0018230849
0.8911917098445595,0.7357512953367875,0.6787564766839378,0.3937475,0.10041407,0.6235715,0.0015915587
0.872093023255814,0.6337209302325582,0.5988372093023255,0.34710178,0.10087726,0.55878323,0.0017910447
0.9209039548022598,0.6497175141242938,0.6440677966101694,0.2654789,0.18769965,0.46434593,0.0020426635
0.9142857142857143,0.6342857142857142,0.5885714285714285,0.34231976,0.17960179,0.5576275,0.0017944053
0.93717277486911,0.7643979057591623,0.7225130890052356,0.2375428,0.10032291,0.47358304,0.0020201018
0.8631578947368421,0.6368421052631579,0.6052631578947368,0.30155426,0.18131757,0.52136797,0.0018962901
0.893048128342246,0.7058823529411765,0.6844919786096256,0.3485855,0.08576157,0.55845404,0.0017920029
0.8888888888888888,0.5555555555555556,0.5404040404040404,0.29059452,0.11179711,0.54294086,0.0018364982
0.9308176100628931,0.6352201257861635,0.6415094339622641,0.23160927,0.1019001,0.46910512,0.002031095
0.8305084745762712,0.6836158192090396,0.6384180790960452,0.34066316,0.16780655,0.6058761,0.0016482141
0.9153439153439153,0.6931216931216931,0.671957671957672,0.30664474,0.1781922,0.56288266,0.0017790705
0.8944444444444445,0.7666666666666667,0.7166666666666667,0.24597962,0.10108073,0.510173,0.0019263634
0.8626609442060086,0.6824034334763949,0.6609442060085837,0.4120226,0.16854039,0.65342575,0.0014922778
0.9466666666666667,0.6266666666666667,0.6,0.41145778,0.15970996,0.625973,0.0015837442
0.898989898989899,0.7828282828282829,0.7222222222222222,0.24813992,0.107254624,0.47635546,0.0020132435
0.9010989010989011,0.6868131868131868,0.6483516483516484,0.2785774,0.13166477,0.5175046,0.0019067423
0.8985507246376812,0.7922705314009661,0.7294685990338164,0.24167775,0.1516335,0.4626174,0.0020468363
0.88,0.795,0.715,0.23576888,0.14389782,0.46800804,0.002033772
0.856,0.616,0.556,0.3664255,0.13127144,0.62719715,0.001579749
0.8169642857142857,0.7366071428571429,0.7008928571428571,0.4193959,0.24158064,0.6435335,0.001525689
0.8908296943231441,0.6855895196506551,0.6812227074235808,0.49087512,0.13078144,0.6902687,0.0013633572
0.9134615384615384,0.7980769230769231,0.75,0.21391025,0.11227929,0.48580807,0.0019895586
0.9060773480662984,0.7458563535911602,0.6961325966850829,0.2632157,0.14191422,0.49206784,0.0019736178
0.896551724137931,0.6839080459770115,0.6609195402298851,0.29006073,0.17680356,0.46319994,0.0020454319
0.865979381443299,0.6082474226804123,0.5876288659793815,0.26318267,0.1527451,0.4956504,0.0019644029
0.9116022099447514,0.6795580110497238,0.6519337016574586,0.49501553,0.17957738,0.65199804,0.0014971317
0.8894472361809045,0.8341708542713567,0.7889447236180904,0.35108125,0.14400336,0.59312093,0.0016880408
0.9318181818181818,0.8045454545454546,0.7863636363636364,0.2683471,0.0756726,0.5248927,0.0018866868
0.925531914893617,0.8085106382978723,0.7606382978723404,0.19874395,0.08466139,0.46285486,0.0020462638
0.8995433789954338,0.6575342465753424,0.6484018264840182,0.31546816,0.12945437,0.57164025,0.0017531966
0.94375,0.675,0.6375,0.3740161,0.12642972,0.5999997,0.0016666675
0.7461139896373057,0.533678756476684,0.5025906735751295,0.25313145,0.16194543,0.47940278,0.0020056588
0.9090909090909091,0.6220095693779905,0.5980861244019139,0.4348213,0.17348656,0.66273355,0.0014603758
0.8994082840236687,0.6923076923076923,0.6449704142011834,0.3264723,0.08137807,0.5773351,0.0017361568
0.9320987654320988,0.7654320987654321,0.691358024691358,0.3368238,0.10619953,0.57229155,0.0017512562
0.8873873873873874,0.6081081081081081,0.5720720720720721,0.40371272,0.17304932,0.6444148,0.0015227334
0.9178082191780822,0.636986301369863,0.6027397260273972,0.31381467,0.1603927,0.51054627,0.0019253712
0.8705357142857143,0.6785714285714286,0.6428571428571429,0.32905436,0.17107156,0.58989644,0.0016979747
0.8898678414096917,0.7444933920704846,0.73568281938326,0.2718921,0.098304994,0.5203547,0.001899039
0.9318181818181818,0.7443181818181818,0.6875,0.23677562,0.084763736,0.5118979,0.0019217721
0.8551724137931035,0.7517241379310344,0.7034482758620689,0.46523568,0.1460205,0.65864843,0.0014744328
0.847926267281106,0.7695852534562212,0.7419354838709677,0.34387565,0.1171893,0.57751507,0.0017356155
0.8888888888888888,0.671957671957672,0.6507936507936508,0.35972697,0.13678549,0.5773587,0.0017360855
0.8716577540106952,0.5614973262032086,0.5294117647058824,0.26182595,0.15654832,0.49144706,0.0019752076
0.8299595141700404,0.7894736842105263,0.7611336032388664,0.2684524,0.122822,0.53224427,0.0018664481
0.9083333333333333,0.6916666666666667,0.6458333333333334,0.2693521,0.16054597,0.5249006,0.0018866652
0.9069767441860465,0.6930232558139535,0.6604651162790698,0.37722364,0.10598493,0.60919905,0.0016376992
0.9253731343283582,0.6467661691542289,0.6169154228855721,0.3356151,0.11801993,0.6037291,0.001654977
0.8878048780487805,0.7024390243902439,0.6585365853658537,0.25412983,0.13174173,0.45861745,0.0020564322
0.8835616438356164,0.6506849315068494,0.636986301369863,0.40938395,0.11375993,0.6249347,0.0015871268
0.8659217877094972,0.7262569832402235,0.6983240223463687,0.29267207,0.14094096,0.5423095,0.0018382822
0.9006622516556292,0.7284768211920529,0.7086092715231788,0.29790613,0.16661541,0.4885286,0.0019826556
0.8869565217391304,0.7478260869565218,0.717391304347826,0.29060706,0.116593696,0.56732184,0.001766005
0.8222222222222222,0.7888888888888889,0.7611111111111111,0.2944082,0.15727732,0.52915907,0.0018749759
0.9427083333333334,0.8177083333333334,0.7291666666666666,0.24174802,0.09853505,0.47689646,0.0020119005
0.9246231155778895,0.7688442211055276,0.7085427135678392,0.26791295,0.09170277,0.5193546,0.0019017472
0.8968609865470852,0.5919282511210763,0.5739910313901345,0.22411093,0.17864448,0.5035468,0.0019438559
0.9265536723163842,0.6610169491525424,0.655367231638418,0.42958692,0.112419434,0.6112545,0.0016311663
0.8424242424242424,0.7818181818181819,0.7212121212121212,0.4434183,0.18947472,0.65017396,0.001503317
0.948051948051948,0.7467532467532467,0.7402597402597403,0.29873872,0.15894264,0.52367,0.0018900256
0.8979591836734694,0.6071428571428571,0.5561224489795918,0.2559404,0.13010827,0.52855206,0.0018766476
0.8562874251497006,0.6646706586826348,0.6287425149700598,0.3447764,0.16963466,0.56032693,0.0017865462
0.7707317073170732,0.5609756097560976,0.5024390243902439,0.35012695,0.14075822,0.58509946,0.0017126527
0.9141414141414141,0.7424242424242424,0.696969696969697,0.28172496,0.12503532,0.5401763,0.0018442959
0.859504132231405,0.6446280991735537,0.5991735537190083,0.34947294,0.14401285,0.6271059,0.0015800474
0.9297297297297298,0.7189189189189189,0.6702702702702703,0.21772179,0.08680439,0.47931775,0.0020058712
0.7892156862745098,0.6519607843137255,0.6323529411764706,0.40178123,0.12996228,0.6153202,0.0016181798
0.9271844660194175,0.6262135922330098,0.616504854368932,0.27724642,0.096882604,0.5844598,0.0017146012
0.8327402135231317,0.6832740213523132,0.6548042704626335,0.3826913,0.1573346,0.59126794,0.0016937559
0.8977272727272727,0.6704545454545454,0.6420454545454546,0.30611885,0.1951712,0.49650586,0.0019621926
0.9361702127659575,0.7375886524822695,0.5886524822695035,0.42379087,0.16022258,0.602983,0.0016573215
0.9038461538461539,0.7692307692307693,0.7355769230769231,0.24978803,0.101899445,0.4776069,0.0020101347
0.8703703703703703,0.6990740740740741,0.6759259259259259,0.3128652,0.1344452,0.5773316,0.0017361672
0.9371980676328503,0.821256038647343,0.7729468599033816,0.22210924,0.10110362,0.4330674,0.002115762
0.8782608695652174,0.717391304347826,0.6565217391304348,0.3458995,0.1496907,0.6014449,0.001662146
0.9581151832460733,0.7486910994764397,0.743455497382199,0.39862585,0.1622232,0.6044449,0.0016527247
0.7639751552795031,0.6149068322981367,0.5093167701863354,0.40591913,0.12144352,0.61849034,0.001607994
0.927536231884058,0.6763285024154589,0.6666666666666666,0.3476597,0.14856917,0.5951023,0.0016819095
0.8277777777777777,0.6888888888888889,0.6388888888888888,0.2541789,0.14341047,0.47999907,0.002004169
0.8932038834951457,0.5436893203883495,0.5097087378640777,0.38593346,0.18877709,0.55117774,0.001813029
0.9325842696629213,0.6292134831460674,0.5393258426966292,0.32272843,0.13241617,0.542512,0.0018377103
0.8274647887323944,0.6514084507042254,0.6197183098591549,0.35134378,0.14145364,0.6199771,0.0016031993
0.9245283018867925,0.6084905660377359,0.589622641509434,0.28383183,0.09356447,0.5783709,0.0017330394
0.9111111111111111,0.8222222222222222,0.7888888888888889,0.4470439,0.118532896,0.6358058,0.0015514349
0.9441860465116279,0.8232558139534883,0.7767441860465116,0.24072109,0.09474101,0.49880514,0.0019562328
0.8899082568807339,0.6834862385321101,0.6330275229357798,0.31577408,0.123682156,0.5879831,0.0017038435
0.9096045197740112,0.6497175141242938,0.6271186440677966,0.26615512,0.15871997,0.5258746,0.0018839998
0.8670212765957447,0.6276595744680851,0.5531914893617021,0.28540522,0.0999572,0.584958,0.0017130837
0.8888888888888888,0.5942028985507246,0.5314009661835749,0.36464325,0.2262087,0.5231318,0.0018914924
0.9210526315789473,0.7368421052631579,0.6842105263157895,0.3307058,0.1443161,0.5434623,0.0018350226
0.9166666666666666,0.8645833333333334,0.7708333333333334,0.21033116,0.077236645,0.47429097,0.0020183541
0.8781512605042017,0.7941176470588235,0.726890756302521,0.22070543,0.09669435,0.53179526,0.0018676923
0.9072164948453608,0.6030927835051546,0.5515463917525774,0.3050153,0.113946244,0.5767934,0.001737785
0.89937106918239,0.7421383647798742,0.7232704402515723,0.32078144,0.17110698,0.51984656,0.0019004155
0.8654970760233918,0.6023391812865497,0.6023391812865497,0.27554855,0.19544901,0.49873984,0.0019564026
0.8870967741935484,0.6451612903225806,0.6290322580645161,0.50497085,0.16011876,0.6777869,0.0014078254
0.8475336322869955,0.7802690582959642,0.7354260089686099,0.22499968,0.13619184,0.4865707,0.0019876277
0.8872549019607843,0.7254901960784313,0.6323529411764706,0.24894507,0.11187318,0.48025736,0.0020035233
0.9389312977099237,0.6564885496183206,0.648854961832061,0.43756613,0.15211567,0.64636284,0.0015161854
0.8975609756097561,0.7073170731707317,0.6829268292682927,0.332947,0.13241822,0.5847604,0.0017136857
0.9157894736842105,0.7210526315789474,0.6894736842105263,0.28280264,0.13693061,0.5014493,0.0019493451
0.8951965065502183,0.759825327510917,0.7336244541484717,0.31884557,0.1375738,0.56882846,0.0017615473
0.9328859060402684,0.7315436241610739,0.6912751677852349,0.24338646,0.10882568,0.46834698,0.0020329456
0.8769230769230769,0.7948717948717948,0.7333333333333333,0.26548547,0.09436951,0.5051531,0.0019396363
0.8796680497925311,0.7468879668049793,0.7012448132780082,0.24769081,0.08371688,0.52654105,0.0018821735
0.915,0.8,0.735,0.2323835,0.10461986,0.4876589,0.0019848666
0.9310344827586207,0.6059113300492611,0.5911330049261084,0.2952127,0.14364687,0.54762447,0.0018231968
0.9447852760736196,0.6932515337423313,0.6503067484662577,0.26782382,0.108099945,0.48193622,0.0019993165
0.9440993788819876,0.7018633540372671,0.6645962732919255,0.23658079,0.12429971,0.5038504,0.0019430593
0.8833333333333333,0.7277777777777777,0.7,0.39840648,0.14093886,0.63240653,0.0015626614
0.9347826086956522,0.6467391304347826,0.592391304347826,0.33976462,0.15041158,0.5653938,0.0017716922
0.8709677419354839,0.6989247311827957,0.6666666666666666,0.26801515,0.17301321,0.5390642,0.0018474214
0.8934010152284264,0.7461928934010152,0.7055837563451777,0.23068777,0.15110157,0.47331294,0.002020768
0.9047619047619048,0.7195767195767195,0.6772486772486772,0.30686384,0.1955802,0.54999894,0.0018164093
0.9282051282051282,0.7589743589743589,0.7282051282051282,0.19135286,0.12656656,0.45493335,0.0020651969
0.9404761904761905,0.7559523809523809,0.7202380952380952,0.35424888,0.1149648,0.5705503,0.0017564386
0.8819875776397516,0.6708074534161491,0.5714285714285714,0.3714087,0.20787497,0.6305643,0.0015687207
0.800711743772242,0.6797153024911032,0.6583629893238434,0.3875826,0.15957451,0.61290085,0.001625918
0.8904761904761904,0.7666666666666667,0.7142857142857143,0.2571666,0.15333764,0.4672403,0.002035642
0.8511627906976744,0.6232558139534884,0.6186046511627907,0.2979211,0.14943703,0.5468265,0.0018254708
0.8666666666666667,0.6606060606060606,0.6181818181818182,0.29069936,0.21681356,0.5094591,0.001928259
0.915,0.695,0.67,0.28176686,0.16612889,0.5050355,0.0019399457
0.8477157360406091,0.6903553299492385,0.6852791878172588,0.39693314,0.13137823,0.6041043,0.0016537969
0.9401197604790419,0.7005988023952096,0.6766467065868264,0.40818065,0.13608,0.6675223,0.0014437862
0.8571428571428571,0.7835497835497836,0.7359307359307359,0.29201317,0.120703936,0.56904125,0.0017609168
0.8872727272727273,0.7454545454545455,0.7163636363636363,0.46582827,0.09516852,0.6946259,0.0013476429
0.9141414141414141,0.6616161616161617,0.6464646464646465,0.20164044,0.12404599,0.47275636,0.002022139
0.794392523364486,0.6542056074766355,0.5887850467289719,0.49379113,0.14926243,0.69827807,0.0013343956
0.8050847457627118,0.673728813559322,0.635593220338983,0.47206992,0.18900995,0.6790644,0.0014033116
0.9326424870466321,0.7927461139896373,0.7357512953367875,0.25052994,0.094574414,0.48435593,0.0019932275
0.8388429752066116,0.768595041322314,0.7396694214876033,0.2732393,0.124024324,0.542192,0.0018386143
0.8918918918918919,0.7405405405405405,0.7297297297297297,0.3370398,0.08926701,0.57968056,0.0017290898
0.8909090909090909,0.5151515151515151,0.43636363636363634,0.26577526,0.122833714,0.4892218,0.0019808908
0.9123711340206185,0.6185567010309279,0.5979381443298969,0.31686705,0.16503406,0.5680882,0.0017637393
0.9320987654320988,0.6666666666666666,0.6419753086419753,0.21025565,0.1153682,0.43257648,0.0021168687
0.874251497005988,0.718562874251497,0.6826347305389222,0.23433945,0.14628991,0.45515192,0.002064679
0.8545454545454545,0.7636363636363637,0.7454545454545455,0.26444587,0.090126045,0.54378515,0.0018341088
0.8850574712643678,0.7471264367816092,0.6436781609195402,0.47769812,0.19787985,0.6360525,0.001550618
0.8714285714285714,0.6857142857142857,0.65,0.59778845,0.11629544,0.76465887,0.0010815021
0.8812785388127854,0.7534246575342466,0.726027397260274,0.4394072,0.1611128,0.6209992,0.0015998958
0.8825910931174089,0.7935222672064778,0.7651821862348178,0.31332818,0.13967933,0.5927242,0.0016892656
0.8350515463917526,0.7010309278350515,0.6649484536082474,0.22823994,0.08355799,0.48757845,0.001985071
0.9466019417475728,0.7815533980582524,0.7281553398058253,0.20872119,0.0870575,0.48631293,0.0019882806
0.8947368421052632,0.6783625730994152,0.6257309941520468,0.27011552,0.14933327,0.5011303,0.001950178
0.8371040723981901,0.7737556561085973,0.7375565610859729,0.28167385,0.14988935,0.5359465,0.0018561493
0.8958333333333334,0.7447916666666666,0.7291666666666666,0.25210235,0.10037366,0.4538276,0.0020678139
0.8206521739130435,0.6413043478260869,0.6032608695652174,0.21543948,0.16155751,0.4402429,0.0020994435
0.8695652173913043,0.7652173913043478,0.7086956521739131,0.30260113,0.12246011,0.569338,0.0017600372
0.803921568627451,0.7450980392156863,0.6928104575163399,0.36838487,0.18453133,0.5806494,0.0017261623
0.8813559322033898,0.6652542372881356,0.6059322033898306,0.39669263,0.14254674,0.645204,0.0015200829
0.8961748633879781,0.7431693989071039,0.6994535519125683,0.28573635,0.12546045,0.5271772,0.0018804278
0.8564356435643564,0.6732673267326733,0.6336633663366337,0.2231944,0.12511793,0.53886664,0.0018479759
0.8636363636363636,0.6534090909090909,0.6306818181818182,0.23416355,0.10091309,0.44872165,0.0020798147
0.9227467811158798,0.6523605150214592,0.6351931330472103,0.34756175,0.16003947,0.5735468,0.0017475104
0.9,0.7705882352941177,0.7411764705882353,0.25945216,0.13346887,0.42592108,0.0021317478
0.921161825726141,0.7883817427385892,0.7634854771784232,0.3556138,0.16375796,0.566701,0.0017678384
0.8405797101449275,0.748792270531401,0.7198067632850241,0.34195668,0.16309512,0.5813293,0.0017241052
0.9261083743842364,0.7536945812807881,0.729064039408867,0.19767967,0.07325502,0.46350464,0.0020446966
0.8651685393258427,0.6797752808988764,0.6123595505617978,0.30654138,0.115829974,0.5626619,0.0017797177
0.9333333333333333,0.6307692307692307,0.5948717948717949,0.30021033,0.13968648,0.5924781,0.0016900251
0.8690476190476191,0.6785714285714286,0.6607142857142857,0.26914442,0.123250805,0.52900183,0.001875409
0.8394495412844036,0.6605504587155964,0.6192660550458715,0.31108302,0.18663938,0.47761682,0.00201011
0.8958333333333334,0.6666666666666666,0.5989583333333334,0.26609868,0.11737648,0.49664995,0.00196182
0.8732394366197183,0.8028169014084507,0.7746478873239436,0.26303,0.08325747,0.5441667,0.0018330278
0.8978494623655914,0.6881720430107527,0.6559139784946236,0.22895393,0.09455324,0.46604303,0.0020385517
0.8947368421052632,0.784688995215311,0.7177033492822966,0.23998418,0.08323501,0.5121439,0.001921116
0.8783783783783784,0.7657657657657657,0.7252252252252253,0.28986084,0.09427798,0.5258733,0.0018840035
0.8981481481481481,0.6157407407407407,0.5925925925925926,0.34160674,0.15341084,0.57990086,0.0017284245
0.9175824175824175,0.7197802197802198,0.6923076923076923,0.49780142,0.15919916,0.6573951,0.0014787283
0.8772727272727273,0.6727272727272727,0.65,0.31714946,0.16832794,0.5543669,0.0018038471
0.9075144508670521,0.7341040462427746,0.6878612716763006,0.3714757,0.1283404,0.62661445,0.0015816522
0.7988826815642458,0.7262569832402235,0.6033519553072626,0.3213605,0.17253055,0.5741162,0.0017458088
0.9367816091954023,0.6551724137931034,0.5517241379310345,0.3585529,0.20273057,0.53496855,0.0018588767
0.907563025210084,0.7941176470588235,0.7478991596638656,0.28724846,0.12717085,0.555045,0.0018018881
0.8680851063829788,0.7617021276595745,0.7574468085106383,0.338679,0.21157745,0.54772824,0.0018229006
0.9117647058823529,0.7058823529411765,0.6838235294117647,0.34756666,0.12617354,0.5579709,0.0017934075
0.8818565400843882,0.5611814345991561,0.5443037974683544,0.44720656,0.1397122,0.62813926,0.0015766696
0.8971428571428571,0.6971428571428572,0.6685714285714286,0.4824881,0.12620836,0.6788935,0.0014039157
0.8493723849372385,0.694560669456067,0.6861924686192469,0.29791656,0.11966413,0.5633576,0.0017776779
0.880184331797235,0.7327188940092166,0.7096774193548387,0.26003626,0.1188858,0.47016788,0.0020284953
0.8352941176470589,0.6941176470588235,0.6627450980392157,0.33472043,0.10885574,0.62014145,0.0016026683
0.8626373626373627,0.6098901098901099,0.6043956043956044,0.27347937,0.10765233,0.5497038,0.0018172545
0.8164251207729468,0.7342995169082126,0.6714975845410628,0.31134036,0.18758653,0.51995957,0.0019001095
0.7854545454545454,0.6872727272727273,0.6545454545454545,0.34506276,0.15691821,0.56538826,0.0017717085
0.8990384615384616,0.7403846153846154,0.7019230769230769,0.21902972,0.10171165,0.47544438,0.002015502
0.9408284023668639,0.650887573964497,0.5443786982248521,0.2632128,0.21490481,0.5448501,0.0018310895
0.8324324324324325,0.6270270270270271,0.5621621621621622,0.28283113,0.19830869,0.47946122,0.0020055128
0.875,0.75,0.7163461538461539,0.25137457,0.13381273,0.5227587,0.0018925086
0.9035087719298246,0.7763157894736842,0.7587719298245614,0.24799299,0.09288247,0.54748696,0.0018235886
0.9385474860335196,0.6201117318435754,0.5754189944134078,0.21284002,0.13615729,0.51011354,0.0019265214
0.908695652173913,0.6260869565217392,0.6043478260869565,0.4262658,0.16646366,0.63302183,0.001560634
0.8715596330275229,0.7889908256880734,0.7568807339449541,0.2976569,0.11627032,0.5607437,0.0017853294
0.8900523560209425,0.5602094240837696,0.5130890052356021,0.30690044,0.13472472,0.5891214,0.0017003543
0.9205020920502092,0.6359832635983264,0.6234309623430963,0.46652564,0.12413887,0.62079525,0.0016005553
0.9162011173184358,0.7541899441340782,0.6759776536312849,0.44447723,0.109232225,0.6439196,0.0015243948
0.8293838862559242,0.7867298578199052,0.7393364928909952,0.2511451,0.111234084,0.5469509,0.0018251167
0.8742857142857143,0.8,0.7657142857142857,0.19407775,0.09796539,0.42531833,0.0021330842
0.9060773480662984,0.8066298342541437,0.7569060773480663,0.28842553,0.091267936,0.5199401,0.0019001622
0.7976653696498055,0.7237354085603113,0.7159533073929961,0.39961392,0.090623826,0.6176406,0.0016107293
0.8145695364238411,0.695364238410596,0.6423841059602649,0.4216707,0.1309177,0.66847414,0.0014404748
0.8416666666666667,0.7166666666666667,0.6833333333333333,0.50041926,0.11712988,0.7169861,0.0012654451
0.9154929577464789,0.795774647887324,0.7464788732394366,0.44002628,0.16956261,0.6561133,0.0014831126
0.8617021276595744,0.6914893617021277,0.6702127659574468,0.20870169,0.111693546,0.44201714,0.0020953666
0.9583333333333334,0.725,0.6666666666666666,0.43920413,0.13931789,0.65720123,0.0014793923
0.9333333333333333,0.6307692307692307,0.5948717948717949,0.2777035,0.16019444,0.5206924,0.0018981235
0.8626609442060086,0.8197424892703863,0.7424892703862661,0.28863642,0.13775255,0.53541845,0.0018576229
0.9262672811059908,0.7695852534562212,0.7419354838709677,0.45809415,0.14523005,0.63056636,0.0015687133
0.9292929292929293,0.6414141414141414,0.6161616161616161,0.2648625,0.14618766,0.446533,0.0020849174
0.8131868131868132,0.7252747252747253,0.6978021978021978,0.40470028,0.13364209,0.60631067,0.0016468422
0.8700564971751412,0.6666666666666666,0.6101694915254238,0.26110777,0.13997068,0.48130843,0.0020008911
0.9267015706806283,0.6230366492146597,0.6073298429319371,0.34158778,0.13409255,0.58405596,0.0017158297
0.9125,0.7,0.65,0.37646574,0.15507376,0.6162776,0.0016151094
0.888268156424581,0.6871508379888268,0.5642458100558659,0.3751019,0.15396681,0.5781171,0.0017338037
0.9326424870466321,0.6010362694300518,0.5751295336787565,0.3486383,0.15437143,0.61717784,0.0016122175
0.8870967741935484,0.6612903225806451,0.6129032258064516,0.31471074,0.14998966,0.5368582,0.0018536024
0.8542372881355932,0.7084745762711865,0.688135593220339,0.36510932,0.10792222,0.62356573,0.0015915773
0.8548387096774194,0.5806451612903226,0.5483870967741935,0.279785,0.12548906,0.51902705,0.0019026324
0.8148148148148148,0.6707818930041153,0.6090534979423868,0.4168429,0.077919945,0.6443454,0.0015229662
0.7951388888888888,0.6666666666666666,0.6215277777777778,0.35067096,0.123377256,0.60431564,0.001653132
0.8942731277533039,0.7797356828193832,0.748898678414097,0.36388433,0.15632887,0.604696,0.0016519342
0.8270676691729323,0.6842105263157895,0.6127819548872181,0.33234307,0.13654883,0.57190835,0.0017523983
0.8715596330275229,0.5963302752293578,0.5825688073394495,0.31900907,0.14379556,0.585459,0.0017115567
0.8922155688622755,0.7544910179640718,0.6766467065868264,0.30408874,0.14672099,0.53757,0.0018516105
0.8895027624309392,0.6187845303867403,0.5414364640883977,0.46494478,0.17066151,0.5664684,0.0017685249
0.9148936170212766,0.6329787234042553,0.5957446808510638,0.36622965,0.19254388,0.5866526,0.0017079134
0.8682926829268293,0.624390243902439,0.5853658536585366,0.34017426,0.15444358,0.55548656,0.0018006111
0.9004739336492891,0.6303317535545023,0.5971563981042654,0.31966817,0.13393159,0.5680497,0.0017638529
0.8871794871794871,0.6410256410256411,0.5794871794871795,0.2837748,0.14384809,0.4972566,0.0019602496
0.8186274509803921,0.6568627450980392,0.6078431372549019,0.28300533,0.11549322,0.46232894,0.002047531
0.9536082474226805,0.8092783505154639,0.7422680412371134,0.3563517,0.1327778,0.5644643,0.0017744275
0.9329896907216495,0.711340206185567,0.6907216494845361,0.32740748,0.18845531,0.57530415,0.0017422531
0.93,0.66,0.61,0.2483775,0.113886915,0.4761114,0.0020138489
0.909952606635071,0.7535545023696683,0.7488151658767772,0.25119597,0.13616592,0.5682895,0.0017631435
0.8971428571428571,0.5771428571428572,0.56,0.34235856,0.16221282,0.5683611,0.0017629314
0.7686274509803922,0.7098039215686275,0.6941176470588235,0.34333202,0.13557392,0.6077513,0.0016422874
0.91,0.81,0.75,0.22118205,0.11811558,0.49110314,0.0019760877
0.9285714285714286,0.8010204081632653,0.7091836734693877,0.18963526,0.078668326,0.47266337,0.002022368
0.860655737704918,0.7254098360655737,0.7049180327868853,0.47010332,0.105755486,0.6976622,0.0013366342
0.8415841584158416,0.6782178217821783,0.6584158415841584,0.2878581,0.0965706,0.52298766,0.0018918855
0.8811475409836066,0.6270491803278688,0.5983606557377049,0.30143166,0.11847954,0.55203784,0.0018105576
0.8894736842105263,0.7842105263157895,0.7263157894736842,0.25358748,0.1255058,0.48484996,0.0019919805
0.9257425742574258,0.6287128712871287,0.6138613861386139,0.29868394,0.10320533,0.5574592,0.0017948939
0.8995215311004785,0.6411483253588517,0.6124401913875598,0.29975885,0.13579305,0.5586572,0.0017914117
0.8767123287671232,0.6118721461187214,0.589041095890411,0.28739914,0.1435082,0.54135805,0.0018409676
0.9037433155080213,0.6951871657754011,0.6577540106951871,0.17544323,0.122163795,0.46463677,0.0020419601
0.8790697674418605,0.8,0.7395348837209302,0.24214685,0.096057795,0.5261544,0.0018832334
0.8619246861924686,0.7112970711297071,0.6652719665271967,0.27470735,0.13000502,0.5238176,0.0018896228
0.803030303030303,0.6515151515151515,0.6136363636363636,0.395886,0.1510416,0.5919887,0.0016915351
0.9013452914798207,0.6502242152466368,0.6143497757847534,0.4640135,0.14722274,0.67999554,0.0014000159
0.8983050847457628,0.5423728813559322,0.5028248587570622,0.271237,0.09199809,0.5722429,0.0017514013
0.8642533936651584,0.7058823529411765,0.6742081447963801,0.40452844,0.18021573,0.62068963,0.0016008969
0.9155844155844156,0.6753246753246753,0.6688311688311688,0.31958985,0.14868192,0.55750436,0.0017947626
0.9298245614035088,0.7236842105263158,0.6885964912280702,0.3056684,0.18924047,0.56802666,0.0017639212
0.9297297297297298,0.7189189189189189,0.6702702702702703,0.28594568,0.14245476,0.5301209,0.0018723225
0.9269662921348315,0.7528089887640449,0.7191011235955056,0.35462955,0.16342,0.57049614,0.0017565995
0.921875,0.6666666666666666,0.6145833333333334,0.3121162,0.14195158,0.5632628,0.0017779557
0.9265536723163842,0.768361581920904,0.7005649717514124,0.2166413,0.100293584,0.49562138,0.0019644778
0.8379888268156425,0.5698324022346368,0.5307262569832403,0.3311098,0.22388843,0.61986494,0.0016035611
0.9634146341463414,0.6585365853658537,0.6219512195121951,0.23002006,0.15209311,0.46356764,0.0020445443
0.8970588235294118,0.8014705882352942,0.7426470588235294,0.36085296,0.14030431,0.5657432,0.0017706631
0.8115183246073299,0.7329842931937173,0.643979057591623,0.28772503,0.117032245,0.52442575,0.0018879626
0.8662790697674418,0.7325581395348837,0.7093023255813954,0.4380108,0.11485519,0.64920926,0.0015065816
0.8938053097345132,0.7743362831858407,0.7433628318584071,0.3562078,0.11234143,0.58249736,0.0017205648
0.9235294117647059,0.7,0.6647058823529411,0.26273364,0.12927398,0.49903634,0.0019556321
0.9004329004329005,0.7445887445887446,0.7056277056277056,0.32812214,0.14135115,0.55402017,0.0018048481
0.9084967320261438,0.6535947712418301,0.6143790849673203,0.30881146,0.15557931,0.5347432,0.0018595044
0.8526315789473684,0.6578947368421053,0.5842105263157895,0.23400597,0.11267846,0.5046751,0.0019408934
0.9388888888888889,0.7388888888888889,0.6888888888888889,0.27224094,0.119513676,0.51296127,0.0019189343
0.8804347826086957,0.6739130434782609,0.6521739130434783,0.36760065,0.13313326,0.572138,0.001751714
0.9054726368159204,0.681592039800995,0.6567164179104478,0.44160643,0.18913327,0.60246456,0.0016589494
0.8731707317073171,0.7902439024390244,0.7365853658536585,0.25908995,0.15863578,0.49102002,0.0019763003
0.8888888888888888,0.7083333333333334,0.6990740740740741,0.38067964,0.13797583,0.6152101,0.0016185328
0.9119170984455959,0.6010362694300518,0.5803108808290155,0.46100143,0.1752695,0.64736956,0.0015127937
0.9314285714285714,0.7371428571428571,0.7085714285714285,0.3361379,0.15877602,0.5787714,0.0017318329
0.8743961352657005,0.5797101449275363,0.5265700483091788,0.2361775,0.13394935,0.51335305,0.0019178871
0.9447513812154696,0.7071823204419889,0.6685082872928176,0.26967478,0.12564325,0.45547354,0.0020639163
0.9190751445086706,0.5953757225433526,0.5664739884393064,0.22709654,0.14947088,0.490781,0.0019769117
0.8765432098765432,0.7695473251028807,0.7407407407407407,0.2588095,0.09585874,0.5781214,0.0017337907
0.8994974874371859,0.7688442211055276,0.7336683417085427,0.32191065,0.15908346,0.5756033,0.0017413566
0.9244186046511628,0.7965116279069767,0.7558139534883721,0.3557478,0.11738776,0.60678697,0.0016453373
0.9120879120879121,0.6538461538461539,0.6208791208791209,0.36818948,0.09480012,0.6083196,0.0016404878
0.91,0.78,0.765,0.2514443,0.13942042,0.42866093,0.0021256504
0.915,0.615,0.59,0.33459753,0.12241228,0.5928261,0.001688951
0.8654970760233918,0.695906432748538,0.6900584795321637,0.29570174,0.13327566,0.47685438,0.0020120048
0.8207171314741036,0.7171314741035857,0.6972111553784861,0.4106688,0.112028,0.5718482,0.0017525771
0.8779342723004695,0.6009389671361502,0.5774647887323944,0.36189604,0.12320239,0.6134195,0.0016242618
0.8888888888888888,0.6239316239316239,0.594017094017094,0.28955692,0.11637607,0.5500574,0.001816242
0.8862275449101796,0.7604790419161677,0.718562874251497,0.4063395,0.12169227,0.6534859,0.0014920734
0.9482758620689655,0.6781609195402298,0.6436781609195402,0.22314142,0.080689296,0.4902693,0.0019782188
0.91,0.615,0.595,0.2971884,0.16359706,0.5495193,0.0018177828
0.8805970149253731,0.6915422885572139,0.6368159203980099,0.32039237,0.21036188,0.51617444,0.0019103229
0.8660287081339713,0.8086124401913876,0.7416267942583732,0.22170512,0.10558867,0.45132855,0.0020737047
0.9308510638297872,0.5797872340425532,0.574468085106383,0.21953656,0.10867428,0.49013233,0.0019785685
0.9470899470899471,0.798941798941799,0.7619047619047619,0.28857195,0.14748128,0.5112627,0.0019234646
0.8171428571428572,0.7085714285714285,0.6514285714285715,0.35451585,0.16315125,0.56536037,0.0017717904
0.8494623655913979,0.6236559139784946,0.5913978494623656,0.2840168,0.14060152,0.5516054,0.0018118011
0.9098712446351931,0.575107296137339,0.5493562231759657,0.47224817,0.13703312,0.6570377,0.0014799518
0.9108910891089109,0.7524752475247525,0.6831683168316832,0.22690189,0.1327812,0.47605172,0.002013997
0.835,0.605,0.585,0.37253916,0.18799372,0.64885914,0.001507765
0.8235294117647058,0.6715686274509803,0.6617647058823529,0.36367944,0.14571469,0.61526173,0.0016183672
0.8743455497382199,0.6492146596858639,0.6282722513089005,0.30359632,0.14268535,0.5330039,0.0018643406
0.9012345679012346,0.6975308641975309,0.6481481481481481,0.32295233,0.14191513,0.51851773,0.0019040088
0.9128787878787878,0.7537878787878788,0.7348484848484849,0.37752444,0.12081769,0.6143525,0.0016212788
0.9115384615384615,0.7653846153846153,0.7423076923076923,0.40244523,0.1508348,0.60417473,0.0016535755
0.881578947368421,0.6052631578947368,0.5745614035087719,0.40103176,0.15802729,0.65841186,0.0014752442
0.8901734104046243,0.6763005780346821,0.6358381502890174,0.3207037,0.113745764,0.49230915,0.0019729992
0.9177215189873418,0.7151898734177216,0.6962025316455697,0.3714779,0.12114054,0.6011901,0.0016629441
0.9411764705882353,0.7176470588235294,0.6529411764705882,0.30328754,0.18645373,0.47555766,0.0020152212
0.9065420560747663,0.5934579439252337,0.5654205607476636,0.30685243,0.10979953,0.5944943,0.001683793
0.9581151832460733,0.6858638743455497,0.6649214659685864,0.47611943,0.1567364,0.6271725,0.0015798298
0.9220183486238532,0.7293577981651376,0.6697247706422018,0.22323456,0.15702362,0.4406731,0.0020984563
0.8248175182481752,0.6861313868613139,0.656934306569343,0.3767186,0.14648521,0.5912633,0.0016937703
0.9257142857142857,0.7085714285714285,0.6971428571428572,0.3145827,0.12077504,0.5034045,0.0019442287
0.93,0.61,0.585,0.30911818,0.16675429,0.55260724,0.00180892
0.9222797927461139,0.7046632124352331,0.6113989637305699,0.35335958,0.118173376,0.61430824,0.0016214201
0.7857142857142857,0.6479591836734694,0.6071428571428571,0.27919814,0.1297156,0.5396499,0.001845776
0.9,0.65,0.63125,0.24257357,0.1753127,0.4709996,0.0020264569
0.9130434782608695,0.6956521739130435,0.6793478260869565,0.2898668,0.15155618,0.51864433,0.001903667
0.8883720930232558,0.6930232558139535,0.6,0.3960565,0.19120611,0.58065903,0.0017261329
0.7966804979253111,0.7302904564315352,0.6597510373443983,0.31144103,0.119101815,0.56615406,0.001769452
0.8602620087336245,0.7685589519650655,0.7554585152838428,0.28104323,0.14025815,0.55134046,0.0018125618
0.9023255813953488,0.6,0.5767441860465117,0.38577864,0.14576823,0.6343708,0.0015561817
0.8425925925925926,0.6388888888888888,0.5925925925925926,0.41016975,0.16647458,0.59978384,0.0016673421
0.8616071428571429,0.625,0.6205357142857143,0.33436862,0.17047967,0.6159653,0.0016161111
0.8771331058020477,0.6928327645051194,0.6689419795221843,0.39762703,0.115140356,0.62014985,0.0016026414
0.8767123287671232,0.5799086757990868,0.5342465753424658,0.44175822,0.1805674,0.6319674,0.0015641075
0.9242424242424242,0.6161616161616161,0.5858585858585859,0.33833182,0.1598843,0.56841165,0.0017627813
0.8524590163934426,0.7431693989071039,0.6612021857923497,0.19927324,0.12654875,0.37729308,0.0022334633
0.8063241106719368,0.7154150197628458,0.6798418972332015,0.3151747,0.14257039,0.5996443,0.001667778
0.8743455497382199,0.6963350785340314,0.6387434554973822,0.20411575,0.13827634,0.3968583,0.0021940193
0.9175257731958762,0.6288659793814433,0.5773195876288659,0.28567556,0.1294296,0.57495946,0.0017432851
0.9447513812154696,0.7182320441988951,0.6961325966850829,0.28495777,0.11960493,0.49854708,0.0019569031
0.9241379310344827,0.7241379310344828,0.6827586206896552,0.21597402,0.10307824,0.4319869,0.0021181963
0.8807339449541285,0.7293577981651376,0.6972477064220184,0.38234773,0.10250916,0.5287343,0.001876146
0.8742138364779874,0.710691823899371,0.6855345911949685,0.25362408,0.11804988,0.49905443,0.001955585
0.9230769230769231,0.6923076923076923,0.6627218934911243,0.27290946,0.15913792,0.5009807,0.0019505689
0.900990099009901,0.6732673267326733,0.6039603960396039,0.26540634,0.13427745,0.51731086,0.0019072645
0.8671875,0.640625,0.640625,0.5070259,0.13050298,0.6800065,0.0013999771
0.8324607329842932,0.6282722513089005,0.5706806282722513,0.3631917,0.19212815,0.54973084,0.001817177
0.9195402298850575,0.6839080459770115,0.6379310344827587,0.20390242,0.09156232,0.48520452,0.001991085
0.863013698630137,0.6164383561643836,0.5707762557077626,0.4252949,0.16785276,0.6373814,0.0015462107
0.8738317757009346,0.7757009345794392,0.7383177570093458,0.35814404,0.0964903,0.61477315,0.0016199322
0.9570552147239264,0.588957055214724,0.5705521472392638,0.2913015,0.16388996,0.51691335,0.0019083348
0.8705882352941177,0.6980392156862745,0.6745098039215687,0.32173195,0.12489897,0.5752033,0.0017425552
0.917910447761194,0.8022388059701493,0.7835820895522388,0.36405408,0.1221767,0.60318613,0.0016566837
0.9285714285714286,0.673469387755102,0.6428571428571429,0.32838497,0.1322135,0.55515236,0.0018015777
0.8818565400843882,0.7679324894514767,0.7257383966244726,0.25582755,0.14305314,0.508341,0.0019312225
0.8783783783783784,0.7432432432432432,0.6554054054054054,0.49602753,0.13718349,0.636183,0.0015501851
0.9358288770053476,0.6524064171122995,0.6203208556149733,0.27178606,0.17818984,0.49214906,0.0019734094
0.9139784946236559,0.6075268817204301,0.6075268817204301,0.25089574,0.19653206,0.47868416,0.0020074518
0.9405405405405406,0.6486486486486487,0.6108108108108108,0.27068263,0.11714606,0.50459224,0.0019411113
0.9347826086956522,0.6347826086956522,0.6217391304347826,0.4099142,0.17140497,0.63512135,0.0015537003
0.9397590361445783,0.7891566265060241,0.7650602409638554,0.37352976,0.15331127,0.5483679,0.0018210748
0.8553191489361702,0.7191489361702128,0.6510638297872341,0.39485756,0.11932944,0.6045533,0.0016523837
0.8639455782312925,0.7142857142857143,0.6122448979591837,0.2839496,0.18452716,0.53157943,0.0018682899
0.927461139896373,0.6373056994818653,0.6010362694300518,0.282409,0.13230205,0.55733365,0.0017952584
0.8571428571428571,0.7551020408163265,0.7397959183673469,0.31123143,0.1157656,0.59617263,0.0016785891
0.8564814814814815,0.5972222222222222,0.5694444444444444,0.452821,0.123859495,0.6936466,0.0013511833
0.8962264150943396,0.6839622641509434,0.6650943396226415,0.34615195,0.10593052,0.6198662,0.0016035571
0.8791666666666667,0.6041666666666666,0.5625,0.46855408,0.10686745,0.6897803,0.0013651123
0.908256880733945,0.7660550458715596,0.7385321100917431,0.2967373,0.121881284,0.57003546,0.0017579676
0.9051383399209486,0.6956521739130435,0.6798418972332015,0.40290147,0.12851854,0.60079664,0.0016641753
0.9014778325123153,0.7931034482758621,0.7536945812807881,0.23387353,0.089642406,0.52681214,0.0018814296
0.8840579710144928,0.6811594202898551,0.6666666666666666,0.35310033,0.11823331,0.5793842,0.0017299843
0.9147727272727273,0.6136363636363636,0.5852272727272727,0.3781135,0.13054305,0.5721236,0.0017517566
0.8658536585365854,0.573170731707317,0.5,0.30658317,0.22240604,0.5968616,0.0016764486
0.8770053475935828,0.7272727272727273,0.7219251336898396,0.38379467,0.18355666,0.60293037,0.001657487
0.9,0.7470588235294118,0.711764705882353,0.27104852,0.16901302,0.51029754,0.0019260324
0.8967136150234741,0.6572769953051644,0.6431924882629108,0.24367926,0.11541572,0.528773,0.0018760394
0.7644787644787645,0.6988416988416989,0.6718146718146718,0.26885605,0.15898696,0.57195896,0.0017522471
0.8693693693693694,0.8108108108108109,0.7207207207207207,0.31246388,0.108252265,0.55936027,0.001789365
0.9110169491525424,0.8177966101694916,0.7288135593220338,0.34840405,0.14114466,0.56446093,0.0017744371
0.9014084507042254,0.6150234741784038,0.5727699530516432,0.29431903,0.17376558,0.5259953,0.0018836692
0.900523560209424,0.7015706806282722,0.6492146596858639,0.2531757,0.08352079,0.53752005,0.0018517504
0.9523809523809523,0.6296296296296297,0.5925925925925926,0.4400413,0.12786582,0.6139973,0.001622415
0.9195402298850575,0.7931034482758621,0.7701149425287356,0.35784897,0.11628344,0.57882386,0.0017316745
0.918918918918919,0.6936936936936937,0.6711711711711712,0.4426,0.18166557,0.5953904,0.0016810168
0.9080459770114943,0.7011494252873564,0.6609195402298851,0.33894962,0.14493811,0.5415816,0.0018403372
0.9072164948453608,0.7371134020618557,0.6237113402061856,0.3553351,0.25306746,0.59470326,0.0016831459
0.8979591836734694,0.7653061224489796,0.7142857142857143,0.20018944,0.12286668,0.46539935,0.002040113
0.8571428571428571,0.636734693877551,0.6081632653061224,0.35350314,0.12697977,0.59798336,0.001672958
0.9387755102040817,0.7704081632653061,0.7448979591836735,0.23165211,0.083848335,0.4676902,0.0020345466
0.8518518518518519,0.7195767195767195,0.5661375661375662,0.42808342,0.17098667,0.58484125,0.0017134394
0.889344262295082,0.7622950819672131,0.7459016393442623,0.30759543,0.12376691,0.5714664,0.0017537138
0.7900552486187845,0.7016574585635359,0.6408839779005525,0.31425548,0.14839183,0.5589004,0.0017907039
0.8950617283950617,0.7777777777777778,0.6604938271604939,0.32716888,0.18721156,0.5866917,0.0017077938
0.9414893617021277,0.7127659574468085,0.6861702127659575,0.2442102,0.11299444,0.4856965,0.0019898408
0.9174757281553398,0.6747572815533981,0.616504854368932,0.3678638,0.11846209,0.6119883,0.001628829
0.9010416666666666,0.625,0.59375,0.19443935,0.13318333,0.44550455,0.0020873065
0.9326424870466321,0.616580310880829,0.5906735751295337,0.25723165,0.15489303,0.54539835,0.0018295329
0.9314285714285714,0.8057142857142857,0.7828571428571428,0.35618722,0.14900394,0.5628994,0.0017790216
0.8873239436619719,0.7746478873239436,0.7276995305164319,0.22040777,0.11436997,0.4596079,0.0020540643
0.8916967509025271,0.7148014440433214,0.6967509025270758,0.34446496,0.15529588,0.5502964,0.0018155569
0.895397489539749,0.6276150627615062,0.6192468619246861,0.33312762,0.19242938,0.6024198,0.0016590894
0.888,0.72,0.7,0.2979248,0.13594422,0.5689124,0.0017612986
0.9288888888888889,0.7155555555555555,0.6844444444444444,0.36419353,0.10563491,0.63196534,0.0015641142
0.8761061946902655,0.6150442477876106,0.588495575221239,0.4044361,0.17415972,0.6697134,0.0014361562
0.9470588235294117,0.7294117647058823,0.6941176470588235,0.30534235,0.11610003,0.52644277,0.0018824427
0.8883495145631068,0.6310679611650486,0.6067961165048543,0.46173608,0.17458132,0.6747129,0.0014186526
0.8818565400843882,0.7763713080168776,0.7172995780590717,0.37752017,0.1397438,0.59954464,0.0016680891
0.8207171314741036,0.6454183266932271,0.6175298804780877,0.3763191,0.13695942,0.6179983,0.0016095781
0.9081081081081082,0.7243243243243244,0.6972972972972973,0.33920303,0.16292804,0.51297367,0.0019189011
0.8883495145631068,0.7766990291262136,0.7475728155339806,0.20706457,0.119624585,0.4773162,0.0020108577
0.8866396761133604,0.7206477732793523,0.680161943319838,0.32899594,0.13646792,0.5786447,0.0017322142
0.8981481481481481,0.7731481481481481,0.7453703703703703,0.33976674,0.14215033,0.60058284,0.0016648443
0.9202127659574468,0.6808510638297872,0.6436170212765957,0.3684247,0.14511088,0.5273043,0.0018800786
0.9054054054054054,0.7702702702702703,0.7117117117117117,0.25290948,0.14426179,0.5270136,0.0018808768
0.9158415841584159,0.6287128712871287,0.5841584158415841,0.28093228,0.19349498,0.46468136,0.002041852
0.9096045197740112,0.8361581920903954,0.7853107344632768,0.25607666,0.15041652,0.4941467,0.0019682788
0.835,0.705,0.68,0.4723668,0.12486175,0.65480626,0.001487575
0.8762886597938144,0.654639175257732,0.5927835051546392,0.26606458,0.09957878,0.4991817,0.0019552547
0.8366336633663366,0.6435643564356436,0.5198019801980198,0.34572625,0.19495963,0.5734698,0.0017477404
0.8940092165898618,0.6267281105990783,0.5990783410138248,0.45097637,0.18109183,0.6836835,0.0013869192
0.9321266968325792,0.669683257918552,0.6425339366515838,0.344735,0.16444607,0.57432747,0.0017451769
0.8817204301075269,0.6720430107526881,0.6075268817204301,0.3077066,0.21158452,0.5383096,0.0018495388
0.8920454545454546,0.75,0.6875,0.3059783,0.19056785,0.538627,0.0018486484
0.8244274809160306,0.732824427480916,0.5992366412213741,0.36473662,0.21062022,0.618741,0.0016071867
0.8811881188118812,0.7871287128712872,0.7128712871287128,0.27428582,0.12149482,0.4600809,0.0020529313
0.8680851063829788,0.7574468085106383,0.7276595744680852,0.27916747,0.11546943,0.5134361,0.0019176652
0.8606965174129353,0.5771144278606966,0.5074626865671642,0.37018406,0.0744337,0.5976608,0.0016739625
0.8846153846153846,0.6153846153846154,0.5913461538461539,0.432769,0.12961291,0.6815547,0.0013944876
0.9156626506024096,0.6024096385542169,0.6024096385542169,0.22273287,0.12702972,0.41858557,0.0021478806
0.8442622950819673,0.7622950819672131,0.6885245901639344,0.33471975,0.14547014,0.53882605,0.0018480896
0.9033816425120773,0.6086956521739131,0.5748792270531401,0.28864023,0.17088225,0.52653563,0.001882188
0.8465346534653465,0.698019801980198,0.6782178217821783,0.3265883,0.1485995,0.5574916,0.0017947997
0.8185840707964602,0.6946902654867256,0.6415929203539823,0.38138512,0.15669517,0.59408265,0.0016850671
0.9202453987730062,0.6319018404907976,0.6134969325153374,0.1974001,0.13498817,0.44637814,0.0020852776
0.9441340782122905,0.7430167597765364,0.7039106145251397,0.2760322,0.17755939,0.5299969,0.0018726648
0.8878504672897196,0.7476635514018691,0.7102803738317757,0.27248496,0.108227976,0.5139263,0.0019163536
0.8496732026143791,0.5424836601307189,0.5098039215686274,0.2950733,0.1680872,0.54306805,0.0018361383
0.8620689655172413,0.645320197044335,0.6059113300492611,0.34173587,0.1566839,0.5759986,0.0017401708
0.900497512437811,0.6119402985074627,0.582089552238806,0.251045,0.101164624,0.5170251,0.001908034
0.9238095238095239,0.580952380952381,0.5523809523809524,0.22417426,0.09611028,0.54953593,0.0018177349
0.8873873873873874,0.6306306306306306,0.5855855855855856,0.3026924,0.15876831,0.5066217,0.001935767
0.9489795918367347,0.7755102040816326,0.7244897959183674,0.19865738,0.11352049,0.470919,0.0020266545
0.8303030303030303,0.6606060606060606,0.6121212121212121,0.36954555,0.1649377,0.5857361,0.0017107119
0.8353909465020576,0.6995884773662552,0.6296296296296297,0.32195252,0.15676866,0.53759354,0.0018515451
0.9343434343434344,0.7828282828282829,0.7373737373737373,0.22468019,0.12150814,0.46051568,0.002051889
0.9064039408866995,0.7339901477832512,0.6945812807881774,0.2584072,0.13937269,0.44711748,0.0020835572
0.8320610687022901,0.7137404580152672,0.6793893129770993,0.4247951,0.16181044,0.66183877,0.0014634621
0.8908045977011494,0.6609195402298851,0.6149425287356322,0.2525575,0.1368269,0.4437969,0.002091261
0.8782608695652174,0.7913043478260869,0.7130434782608696,0.55425143,0.14386594,0.71721345,0.001264596
0.9294871794871795,0.7564102564102564,0.7115384615384616,0.43958306,0.13515884,0.64389735,0.0015244693
0.9353233830845771,0.8159203980099502,0.7761194029850746,0.24960761,0.13500302,0.46124688,0.0020501337
0.8866995073891626,0.625615763546798,0.5221674876847291,0.3698564,0.19090746,0.5344128,0.0018604243
0.8683127572016461,0.5967078189300411,0.51440329218107,0.49965763,0.13886592,0.6913726,0.0013593851
0.8467153284671532,0.708029197080292,0.6934306569343066,0.508775,0.15054956,0.66200596,0.0014628856
0.9075144508670521,0.6705202312138728,0.6416184971098265,0.28089723,0.14463274,0.56679845,0.001767551
0.9497206703910615,0.6871508379888268,0.659217877094972,0.2934312,0.11659758,0.47406217,0.0020189194
0.9039301310043668,0.6681222707423581,0.6681222707423581,0.32204816,0.11381472,0.582121,0.0017217059
0.9191489361702128,0.8,0.7574468085106383,0.2561733,0.102830075,0.55285364,0.0018082109
0.9068627450980392,0.6127450980392157,0.5833333333333334,0.2589459,0.15117173,0.51613027,0.0019104416
0.93125,0.74375,0.725,0.28093573,0.07226998,0.55186266,0.0018110615
0.8888888888888888,0.5959595959595959,0.5555555555555556,0.4153441,0.21757294,0.62610906,0.001583301
0.8679245283018868,0.7971698113207547,0.7641509433962265,0.31504536,0.115573846,0.56829226,0.0017631351
0.8916256157635468,0.6009852216748769,0.5615763546798029,0.31928873,0.14993976,0.57782125,0.0017346945
0.8994413407821229,0.7877094972067039,0.7374301675977654,0.30591428,0.13020007,0.5613377,0.0017835939
0.9086021505376344,0.6881720430107527,0.6290322580645161,0.25564685,0.1025641,0.45807004,0.002057739
0.8785714285714286,0.7928571428571428,0.7428571428571429,0.29332572,0.14550476,0.5551323,0.0018016357
0.9077669902912622,0.6601941747572816,0.616504854368932,0.27134064,0.13233803,0.5389451,0.0018477557
0.9037433155080213,0.7593582887700535,0.732620320855615,0.20324878,0.10252413,0.48415628,0.001993731
0.9058823529411765,0.7764705882352941,0.7470588235294118,0.22142653,0.11242588,0.4780804,0.0020089562
0.9627659574468085,0.6861702127659575,0.6382978723404256,0.29680714,0.13022138,0.51096517,0.0019242568
0.8988095238095238,0.7440476190476191,0.6785714285714286,0.5347095,0.17586732,0.6229863,0.0015934585
0.918918918918919,0.6891891891891891,0.6554054054054054,0.35139814,0.16544475,0.590273,0.0016968172
0.9281045751633987,0.6666666666666666,0.6209150326797386,0.3383118,0.17331985,0.5484137,0.0018209439
0.8826291079812206,0.7793427230046949,0.7511737089201878,0.2508428,0.108632274,0.5097201,0.0019275661
0.9123711340206185,0.6185567010309279,0.5979381443298969,0.31932825,0.15628397,0.54680234,0.0018255394
0.9030303030303031,0.6303030303030303,0.593939393939394,0.24001552,0.1129439,0.5417379,0.0018398961
0.821917808219178,0.6438356164383562,0.589041095890411,0.3151245,0.16628656,0.50845534,0.0019309198
0.8405797101449275,0.5700483091787439,0.5169082125603864,0.2539842,0.12679525,0.5204469,0.0018987894
0.8297872340425532,0.7617021276595745,0.723404255319149,0.3073318,0.16135779,0.58693427,0.0017070528
0.9011627906976745,0.6686046511627907,0.627906976744186,0.25216398,0.102140404,0.5159785,0.0019108495
0.8944723618090452,0.6532663316582915,0.6030150753768844,0.29520413,0.10513225,0.5499197,0.0018166363
0.8957345971563981,0.5781990521327014,0.5639810426540285,0.2804055,0.09840389,0.56178457,0.0017822868
0.8486486486486486,0.6270270270270271,0.6,0.3539341,0.19977437,0.59234077,0.0016904491
0.8518518518518519,0.6613756613756614,0.6455026455026455,0.28229824,0.08240406,0.5666695,0.0017679315
0.9144385026737968,0.6577540106951871,0.6310160427807486,0.30281416,0.14531702,0.55485547,0.0018024361
0.8949771689497716,0.7990867579908676,0.771689497716895,0.2476088,0.119111575,0.4912285,0.001975767
0.8852459016393442,0.644808743169399,0.6065573770491803,0.35230923,0.13547729,0.52950096,0.001874033
0.9267015706806283,0.6544502617801047,0.6178010471204188,0.27832592,0.14662679,0.4745664,0.0020176738
0.898876404494382,0.7471910112359551,0.7415730337078652,0.2734297,0.11992376,0.5059915,0.0019374285
0.9061032863849765,0.6291079812206573,0.5915492957746479,0.28873044,0.16485575,0.54248744,0.0018377799
0.8888888888888888,0.7777777777777778,0.7354497354497355,0.21862023,0.11935073,0.5074169,0.0019336669
0.9057591623036649,0.7853403141361257,0.743455497382199,0.21860051,0.14711824,0.47264662,0.0020224096
0.9214659685863874,0.6596858638743456,0.6282722513089005,0.26838538,0.11827467,0.51223975,0.0019208604
0.9476439790575916,0.7329842931937173,0.6858638743455497,0.21919082,0.12786737,0.4824341,0.001998066
0.9201520912547528,0.7224334600760456,0.7186311787072244,0.34451097,0.13482271,0.6261621,0.0015831278
0.8855721393034826,0.6965174129353234,0.6517412935323383,0.2227905,0.15511319,0.53303134,0.0018642646
0.8246268656716418,0.7089552238805971,0.6940298507462687,0.38911563,0.09979265,0.5857906,0.0017105454
0.8781725888324873,0.6802030456852792,0.6345177664974619,0.22901225,0.23834515,0.5030151,0.0019452494
0.9155844155844156,0.8051948051948052,0.7532467532467533,0.3903794,0.13348168,0.6422441,0.0015300065
0.9292929292929293,0.5858585858585859,0.5555555555555556,0.3588865,0.16183122,0.589454,0.0016993334
0.8775510204081632,0.6122448979591837,0.5816326530612245,0.27248752,0.12919323,0.4682495,0.0020331836
0.9050279329608939,0.7374301675977654,0.7262569832402235,0.51214254,0.11850652,0.69152725,0.0013588285
0.883495145631068,0.5776699029126213,0.5339805825242718,0.2644326,0.1185512,0.54431355,0.0018326115
0.8724489795918368,0.7602040816326531,0.7040816326530612,0.19618319,0.10971408,0.42756754,0.0021280886
0.9072164948453608,0.6185567010309279,0.6185567010309279,0.3938894,0.14069293,0.62808955,0.0015768324
0.8341463414634146,0.5707317073170731,0.5317073170731708,0.37191248,0.20390385,0.54490876,0.0018309233
0.89171974522293,0.6815286624203821,0.6305732484076433,0.31901714,0.13929567,0.53140527,0.0018687722
0.8942731277533039,0.6960352422907489,0.6519823788546255,0.34523138,0.13041736,0.621179,0.0015993143
0.9248826291079812,0.6244131455399061,0.6009389671361502,0.49687004,0.13325939,0.71275306,0.001281206
0.8620689655172413,0.75,0.7413793103448276,0.5037261,0.18727121,0.68559355,0.001380108
0.8689655172413793,0.6068965517241379,0.5793103448275863,0.29587725,0.1587214,0.5637456,0.0017765384
0.8507462686567164,0.7064676616915423,0.6716417910447762,0.31792685,0.1636583,0.58812064,0.0017034224
0.9190283400809717,0.7004048582995951,0.6882591093117408,0.3505952,0.1470337,0.5447611,0.0018313419
0.9035087719298246,0.6798245614035088,0.6447368421052632,0.47667605,0.15513355,0.6385962,0.0015421743
0.864321608040201,0.6532663316582915,0.5778894472361809,0.33482292,0.11325054,0.56073505,0.001785355
0.9050632911392406,0.8291139240506329,0.7341772151898734,0.29838926,0.13498522,0.55779594,0.0017939158
0.9428571428571428,0.6857142857142857,0.6742857142857143,0.33100295,0.14518051,0.634087,0.0015571188
0.8864628820960698,0.7816593886462883,0.7205240174672489,0.27229166,0.10689223,0.55431306,0.0018040026
0.8547717842323651,0.7136929460580913,0.6556016597510373,0.38942674,0.16543092,0.6214852,0.0015983233
0.9146341463414634,0.6646341463414634,0.6524390243902439,0.25127152,0.113022506,0.50007737,0.0019529234
0.9251336898395722,0.7433155080213903,0.6844919786096256,0.22816741,0.10007802,0.48309776,0.0019963973
0.9125,0.65625,0.61875,0.34256607,0.14011388,0.5354481,0.00185754
0.8114285714285714,0.7485714285714286,0.7485714285714286,0.28076035,0.18860725,0.5354094,0.001857648
0.9264705882352942,0.6029411764705882,0.5686274509803921,0.3341,0.09591542,0.5699894,0.0017581045
0.9247311827956989,0.6612903225806451,0.5967741935483871,0.27989078,0.16442657,0.47028542,0.0020282073
0.8048780487804879,0.676829268292683,0.6036585365853658,0.45339584,0.14058806,0.67407906,0.0014208787
0.8317307692307693,0.7403846153846154,0.7067307692307693,0.23592141,0.10429007,0.554694,0.0018029026
0.875,0.65625,0.5729166666666666,0.37906444,0.18595158,0.5690016,0.0017610341
0.8205128205128205,0.684981684981685,0.6483516483516484,0.38670427,0.11843828,0.6212794,0.0015989892
0.8755364806866953,0.648068669527897,0.6094420600858369,0.35395038,0.12735651,0.60942125,0.0016369944
0.915,0.78,0.72,0.22222069,0.11250609,0.48227307,0.0019984709
0.8913043478260869,0.6739130434782609,0.6195652173913043,0.2778324,0.11851131,0.45437345,0.0020665228
0.9082125603864735,0.7536231884057971,0.7294685990338164,0.21552211,0.09262866,0.46396777,0.002043578
0.8910891089108911,0.599009900990099,0.5742574257425742,0.3346355,0.1461318,0.56541294,0.001771636
0.898876404494382,0.6123595505617978,0.5561797752808989,0.24745964,0.14850178,0.5360258,0.0018559279
0.9104477611940298,0.6019900497512438,0.582089552238806,0.2785226,0.17742091,0.5435304,0.0018348298
0.8427947598253275,0.6986899563318777,0.6462882096069869,0.2896343,0.13698809,0.54891455,0.0018195125
0.9457831325301205,0.6686746987951807,0.6144578313253012,0.24404219,0.17779998,0.48648268,0.0019878505
0.9162303664921466,0.7905759162303665,0.7172774869109948,0.20234002,0.11537216,0.455614,0.0020635833
0.881578947368421,0.7719298245614035,0.7280701754385965,0.31640735,0.1387994,0.57318735,0.0017485842
0.9313725490196079,0.7009803921568627,0.6519607843137255,0.25135925,0.12949687,0.5062716,0.0019366901
0.94,0.79,0.725,0.24414273,0.12796685,0.46861723,0.0020322863
0.905940594059406,0.599009900990099,0.5841584158415841,0.3351661,0.103861086,0.57620734,0.0017395444
0.8599033816425121,0.7198067632850241,0.6908212560386473,0.26948532,0.09843877,0.53353745,0.0018628588
0.9259259259259259,0.6203703703703703,0.5833333333333334,0.43316227,0.13982834,0.6424732,0.00152924
0.9195402298850575,0.7586206896551724,0.7241379310344828,0.38373497,0.10112724,0.62215114,0.0015961666
0.9010989010989011,0.7527472527472527,0.6923076923076923,0.26272577,0.08282682,0.5297812,0.00187326
0.8878048780487805,0.7951219512195122,0.751219512195122,0.21836665,0.07354373,0.5004689,0.0019519035
0.8888888888888888,0.7777777777777778,0.75,0.38130313,0.1646056,0.6094938,0.0016367639
0.9248554913294798,0.6416184971098265,0.6011560693641619,0.28259677,0.13014299,0.5165482,0.0019093174
0.9170731707317074,0.6097560975609756,0.5658536585365853,0.30056992,0.1410943,0.56501275,0.0017728141
0.8851351351351351,0.777027027027027,0.7635135135135135,0.37610862,0.13945167,0.59640694,0.0016778614
0.8860103626943006,0.7409326424870466,0.689119170984456,0.22593746,0.09817002,0.46719265,0.0020357578
0.7989690721649485,0.6907216494845361,0.6288659793814433,0.41550016,0.20661594,0.61997116,0.0016032181
0.8944723618090452,0.6381909547738693,0.5175879396984925,0.2861627,0.16437063,0.45583272,0.002063064
0.9016393442622951,0.7103825136612022,0.6885245901639344,0.37599388,0.12548742,0.5803571,0.0017270459
0.8274111675126904,0.6395939086294417,0.6243654822335025,0.34531656,0.14832717,0.5347177,0.0018595759
0.8854166666666666,0.75,0.71875,0.39902836,0.15374772,0.65003425,0.0015037906
0.9090909090909091,0.7132867132867133,0.6363636363636364,0.4154858,0.16486183,0.6844888,0.00138405
0.9083333333333333,0.6041666666666666,0.5791666666666667,0.36092684,0.15205349,0.6036825,0.0016551235
0.9265536723163842,0.7175141242937854,0.6949152542372882,0.2972165,0.16907044,0.51538616,0.0019124403
0.9319727891156463,0.8027210884353742,0.7414965986394558,0.39015648,0.17120934,0.5895507,0.0016990366
0.8962655601659751,0.7759336099585062,0.7634854771784232,0.38573146,0.121865675,0.64817166,0.0015100874
0.943502824858757,0.7909604519774012,0.7344632768361582,0.27815846,0.10624236,0.51508933,0.0019132368
0.9186602870813397,0.5645933014354066,0.5406698564593302,0.3665269,0.1579102,0.5727851,0.0017497846
0.9072164948453608,0.5824742268041238,0.5567010309278351,0.24644475,0.16527095,0.5487263,0.0018200505
0.8728813559322034,0.7966101694915254,0.7627118644067796,0.2709202,0.1321188,0.5182146,0.0019048275
0.8831168831168831,0.7359307359307359,0.6926406926406926,0.27109993,0.12779306,0.5769202,0.0017374037
0.9471153846153846,0.6875,0.6730769230769231,0.4684015,0.15722433,0.6546504,0.0014881067
0.824,0.712,0.636,0.33773014,0.12725556,0.5797585,0.0017288545
0.8458333333333333,0.7833333333333333,0.7375,0.36840767,0.118936636,0.5919545,0.00169164
0.8170731707317073,0.774390243902439,0.7195121951219512,0.22516556,0.103515066,0.48593655,0.0019892335
0.9045454545454545,0.7954545454545454,0.7727272727272727,0.28260288,0.0705658,0.58143306,0.0017237905
0.8958333333333334,0.6927083333333334,0.6302083333333334,0.26181015,0.147513,0.5136065,0.0019172094
0.8764044943820225,0.7303370786516854,0.702247191011236,0.24990675,0.11942921,0.5222908,0.001893782
0.8866666666666667,0.7,0.6933333333333334,0.27096516,0.09330023,0.48957834,0.0019799818
0.9065420560747663,0.6401869158878505,0.616822429906542,0.3200403,0.15656789,0.563014,0.0017786855
0.8911917098445595,0.5958549222797928,0.5440414507772021,0.43414238,0.12738611,0.56480086,0.0017734374
0.85,0.68,0.67,0.34266654,0.112483,0.6242099,0.0015894845
0.8528301886792453,0.7509433962264151,0.7018867924528301,0.4606316,0.13603577,0.6911971,0.0013600173
0.8653846153846154,0.7038461538461539,0.6807692307692308,0.39514896,0.13867082,0.63342744,0.001559296
0.9102564102564102,0.782051282051282,0.7735042735042735,0.29520094,0.095995806,0.5567212,0.0017970352
0.9304347826086956,0.5826086956521739,0.5521739130434783,0.3649474,0.17982872,0.6180481,0.0016094182
0.9090909090909091,0.7607655502392344,0.7320574162679426,0.21806389,0.13746594,0.45388016,0.0020676898
0.9278350515463918,0.7938144329896907,0.7577319587628866,0.19156186,0.11607498,0.4496181,0.0020777176
0.9173913043478261,0.7608695652173914,0.7260869565217392,0.23248328,0.09436606,0.5651517,0.0017724055
0.8976744186046511,0.6232558139534884,0.5674418604651162,0.31939992,0.14200817,0.56653553,0.001768327
0.9253731343283582,0.8159203980099502,0.7860696517412935,0.22604133,0.1697526,0.4543534,0.0020665706
0.9314285714285714,0.6914285714285714,0.6628571428571428,0.33390972,0.15722176,0.553746,0.001805639
0.8756476683937824,0.6010362694300518,0.538860103626943,0.27754787,0.17602617,0.4864939,0.0019878221
0.9217391304347826,0.7478260869565218,0.7130434782608696,0.33958226,0.15954053,0.58705485,0.0017066837
0.849624060150376,0.7030075187969925,0.6917293233082706,0.4081644,0.100762755,0.6059863,0.0016478663
0.8666666666666667,0.8,0.7407407407407407,0.41229787,0.123161666,0.67046064,0.001433548
0.8622047244094488,0.7716535433070866,0.7204724409448819,0.33033478,0.08452897,0.5751588,0.0017426884
0.8907103825136612,0.7103825136612022,0.6666666666666666,0.3255243,0.107980564,0.60216403,0.0016598917
0.9067164179104478,0.7985074626865671,0.7947761194029851,0.29927474,0.09059321,0.5648239,0.0017733695
0.9285714285714286,0.7071428571428572,0.6428571428571429,0.31860176,0.15396427,0.57154167,0.0017534901
0.902542372881356,0.7457627118644068,0.7203389830508474,0.29820967,0.09516626,0.6001828,0.0016660955
0.9067357512953368,0.6839378238341969,0.6269430051813472,0.52486646,0.0037931502,0.84541583,0.0007428964
0.803030303030303,0.6818181818181818,0.6742424242424242,0.3660074,0.109932594,0.6231216,0.0015930198
0.8888888888888888,0.7905982905982906,0.7521367521367521,0.30034348,0.11361707,0.56592375,0.0017701312
0.900497512437811,0.6368159203980099,0.5970149253731343,0.24723092,0.1511587,0.52248,0.0018932674
0.8373205741626795,0.631578947368421,0.5789473684210527,0.3572825,0.13351431,0.5556428,0.001800159
0.9230769230769231,0.7628205128205128,0.7435897435897436,0.2731959,0.12167814,0.5026585,0.0019461835
0.8495145631067961,0.6213592233009708,0.5970873786407767,0.2846026,0.1854931,0.44969535,0.0020775367
0.9187817258883249,0.6548223350253807,0.6294416243654822,0.2759189,0.17390516,0.5213315,0.0018963893
0.9230769230769231,0.6205128205128205,0.5846153846153846,0.33561203,0.15062355,0.6031286,0.0016568642
0.8894230769230769,0.7932692307692307,0.7403846153846154,0.22256064,0.11321355,0.5350205,0.0018587322
0.9014084507042254,0.5774647887323944,0.5492957746478874,0.29723752,0.13116932,0.5053324,0.0019391645
0.8802395209580839,0.5568862275449101,0.5389221556886228,0.3016106,0.13759297,0.54022014,0.0018441724
0.8638132295719845,0.77431906614786,0.7431906614785992,0.3154004,0.12316192,0.5736203,0.0017472912
0.9653179190751445,0.7167630057803468,0.6878612716763006,0.28268477,0.14395744,0.51302385,0.0019187671
0.8807339449541285,0.7844036697247706,0.7568807339449541,0.29126862,0.122312546,0.5552242,0.0018013701
0.8219895287958116,0.5340314136125655,0.5078534031413613,0.3333748,0.16122189,0.5789292,0.0017313567
0.8737373737373737,0.6565656565656566,0.6262626262626263,0.36922967,0.13122286,0.58817065,0.0017032688
0.8835978835978836,0.6455026455026455,0.5925925925925926,0.2542035,0.14202783,0.54349476,0.0018349309
0.9203980099502488,0.8009950248756219,0.7412935323383084,0.20380448,0.09945966,0.48115987,0.0020012634
0.8982035928143712,0.688622754491018,0.6586826347305389,0.24168275,0.16456792,0.46132547,0.0020499448
0.9090909090909091,0.7337662337662337,0.7142857142857143,0.39629695,0.094050445,0.5883229,0.0017028026
0.8895705521472392,0.7852760736196319,0.7668711656441718,0.2128194,0.17670248,0.4928299,0.0019716632
0.8470588235294118,0.711764705882353,0.6882352941176471,0.3531994,0.13639128,0.5869418,0.0017070296
0.9205607476635514,0.822429906542056,0.7897196261682243,0.4185528,0.13597047,0.623193,0.0015927876
0.779874213836478,0.6666666666666666,0.5974842767295597,0.40585804,0.13535412,0.6255469,0.0015851333
0.865979381443299,0.7628865979381443,0.7371134020618557,0.24131097,0.098479666,0.4446435,0.0020893028
0.898989898989899,0.6414141414141414,0.6313131313131313,0.35101283,0.1791858,0.48576427,0.0019896699
0.9075144508670521,0.6647398843930635,0.6127167630057804,0.22620209,0.12369282,0.56764895,0.0017650382
0.9006211180124224,0.7204968944099379,0.6956521739130435,0.2689568,0.14936988,0.5385553,0.0018488494
0.916083916083916,0.7552447552447552,0.7412587412587412,0.19711867,0.10014596,0.4407129,0.002098365
0.8716577540106952,0.5721925133689839,0.5508021390374331,0.4217253,0.18029481,0.63736886,0.0015462524
0.9014778325123153,0.7980295566502463,0.7586206896551724,0.24575359,0.16776302,0.46446395,0.0020423783
0.9209039548022598,0.7401129943502824,0.7175141242937854,0.3363126,0.14643113,0.51015085,0.0019264221
0.9054054054054054,0.6081081081081081,0.6036036036036037,0.4607598,0.076250374,0.67831117,0.0014059736
0.8888888888888888,0.7222222222222222,0.6888888888888889,0.26177123,0.13548832,0.43100965,0.0021203924
0.9356435643564357,0.6188118811881188,0.5841584158415841,0.30573368,0.13828388,0.5593061,0.0017895225
0.8299319727891157,0.7346938775510204,0.6530612244897959,0.4228184,0.12862949,0.5538366,0.0018053778
0.905829596412556,0.8116591928251121,0.7757847533632287,0.28108877,0.10565787,0.54582405,0.0018283235
0.9025974025974026,0.6883116883116883,0.5974025974025974,0.30745587,0.17379895,0.5355359,0.001857295
0.8584474885844748,0.776255707762557,0.7351598173515982,0.24291407,0.12545139,0.48998684,0.0019789396
0.9104477611940298,0.6318407960199005,0.5920398009950248,0.34069097,0.12707518,0.5599882,0.0017875346
0.8541666666666666,0.6527777777777778,0.5486111111111112,0.4814595,0.10690644,0.723414,0.001241334
0.9082125603864735,0.7342995169082126,0.7246376811594203,0.24428633,0.1251766,0.49871373,0.0019564705
0.893719806763285,0.7536231884057971,0.7391304347826086,0.370792,0.102035694,0.5573843,0.0017951112
0.8346456692913385,0.7125984251968503,0.6968503937007874,0.4040689,0.146252,0.5754422,0.0017418392
0.9107142857142857,0.7738095238095238,0.7023809523809523,0.2851897,0.10579108,0.53369427,0.0018624231
0.9128205128205128,0.5692307692307692,0.5333333333333333,0.2620509,0.13558249,0.54316825,0.0018358548
0.8831168831168831,0.6753246753246753,0.6493506493506493,0.38639536,0.1955189,0.64495283,0.0015209266
0.8526785714285714,0.6517857142857143,0.6071428571428571,0.2874469,0.1346229,0.5430887,0.00183608
0.8670520231213873,0.6763005780346821,0.6184971098265896,0.32584193,0.15988357,0.537226,0.0018525735
0.8481012658227848,0.6624472573839663,0.6160337552742616,0.4147284,0.1286332,0.6464581,0.0015158644
0.776255707762557,0.6575342465753424,0.6027397260273972,0.29600057,0.18976602,0.5589197,0.001790648
0.8979591836734694,0.7397959183673469,0.7091836734693877,0.4168467,0.16989933,0.58605146,0.0017097491
0.8409090909090909,0.7159090909090909,0.6761363636363636,0.28845632,0.13525945,0.56200796,0.001781633
0.852017937219731,0.7399103139013453,0.7219730941704036,0.47285533,0.12213745,0.6398075,0.0015381416
0.8015564202334631,0.6964980544747081,0.6264591439688716,0.3032032,0.1319965,0.59241754,0.001690212
0.9310344827586207,0.6354679802955665,0.6108374384236454,0.29927823,0.17177892,0.56595224,0.0017700471
0.8877551020408163,0.7397959183673469,0.6989795918367347,0.22138236,0.11253502,0.45475554,0.0020656183
0.9198113207547169,0.7594339622641509,0.7216981132075472,0.26030552,0.093673155,0.49911562,0.001955426
0.9065040650406504,0.7479674796747967,0.7195121951219512,0.37370285,0.11832043,0.62765735,0.0015782457
0.9044117647058824,0.6911764705882353,0.6323529411764706,0.3099398,0.096179314,0.54180986,0.001839693
0.9326424870466321,0.6373056994818653,0.6062176165803109,0.28357273,0.11610723,0.52353746,0.0018903869
0.855072463768116,0.6739130434782609,0.6159420289855072,0.4613447,0.15201025,0.65564203,0.0014847228
0.907103825136612,0.7595628415300546,0.6885245901639344,0.20771986,0.08762165,0.47350472,0.002020295
0.8671875,0.78125,0.7265625,0.23475964,0.15057914,0.5083833,0.0019311105
0.8852459016393442,0.7923497267759563,0.6994535519125683,0.2863268,0.1717297,0.49484292,0.0019664855
0.9166666666666666,0.6458333333333334,0.5885416666666666,0.32284373,0.13761322,0.5546314,0.0018030833
0.9153439153439153,0.798941798941799,0.7513227513227513,0.21419762,0.106033854,0.48118487,0.0020012008
0.8785046728971962,0.5887850467289719,0.5560747663551402,0.31007677,0.11886691,0.511659,0.0019224094
0.9238095238095239,0.6476190476190476,0.6095238095238096,0.31430936,0.15917255,0.55892986,0.0017906185
0.8780487804878049,0.7398373983739838,0.7317073170731707,0.32399607,0.11683798,0.60356504,0.0016554928
0.9182692307692307,0.6394230769230769,0.5961538461538461,0.30328453,0.1287491,0.5468456,0.0018254165
0.9253731343283582,0.5621890547263682,0.5472636815920398,0.37739387,0.17295727,0.5631579,0.0017782632
0.8588957055214724,0.5644171779141104,0.5337423312883436,0.44836935,0.18811034,0.6626785,0.0014605658
0.8924731182795699,0.5913978494623656,0.553763440860215,0.3810783,0.17926656,0.5562589,0.0017983752
0.8627450980392157,0.6323529411764706,0.5784313725490197,0.27874818,0.16862181,0.5536746,0.0018058453
0.8591549295774648,0.7746478873239436,0.7323943661971831,0.29312813,0.13099924,0.4738595,0.0020194196
0.8728323699421965,0.7861271676300579,0.7398843930635838,0.4591805,0.12329816,0.5997226,0.0016675332
0.9183673469387755,0.6020408163265306,0.5867346938775511,0.29735172,0.12839183,0.549349,0.0018182703
0.9489795918367347,0.7959183673469388,0.7448979591836735,0.22439209,0.09860073,0.48111382,0.002001379
0.8930817610062893,0.7610062893081762,0.7169811320754716,0.38577124,0.11833489,0.63169277,0.0015650112
0.8906882591093117,0.7773279352226721,0.7611336032388664,0.36027697,0.12889324,0.59157896,0.0016927976
0.946524064171123,0.6898395721925134,0.6577540106951871,0.25463122,0.20033301,0.45915654,0.0020551442
0.8838383838383839,0.6212121212121212,0.5757575757575758,0.35983232,0.13854378,0.5614807,0.0017831757
0.8688524590163934,0.7622950819672131,0.7295081967213115,0.2948082,0.112458356,0.5635702,0.0017770538
0.9177215189873418,0.7278481012658228,0.6962025316455697,0.26138723,0.11718738,0.5038105,0.0019431639
0.8558951965065502,0.7161572052401747,0.7030567685589519,0.3458375,0.12423553,0.5478891,0.0018224417
0.9112149532710281,0.7710280373831776,0.7242990654205608,0.2667153,0.1057847,0.5348298,0.0018592635
0.9041666666666667,0.6833333333333333,0.675,0.49216944,0.14060141,0.7055047,0.0013079768
0.8928571428571429,0.7410714285714286,0.7142857142857143,0.2236026,0.13466851,0.52158004,0.0018957146
0.956989247311828,0.6774193548387096,0.6344086021505376,0.28604022,0.13566197,0.5000959,0.0019528753
0.9396551724137931,0.5818965517241379,0.5603448275862069,0.3259861,0.1681252,0.5439329,0.0018336903
0.7868852459016393,0.6612021857923497,0.546448087431694,0.35399684,0.1616652,0.5992386,0.0016690446
0.875886524822695,0.7446808510638298,0.7021276595744681,0.3652976,0.09798027,0.55719143,0.001795671
0.9421052631578948,0.6631578947368421,0.6526315789473685,0.25544703,0.115489356,0.58676565,0.0017075677
0.8894230769230769,0.6586538461538461,0.6298076923076923,0.33507797,0.14425904,0.58238393,0.001720909
0.7727272727272727,0.6818181818181818,0.6818181818181818,0.35822326,0.15143602,0.5935382,0.001686751
0.9342723004694836,0.7605633802816901,0.7511737089201878,0.43340784,0.2151731,0.5852484,0.0017121987
0.921875,0.5989583333333334,0.5625,0.38180563,0.12659657,0.5843206,0.0017150246
0.9123711340206185,0.7525773195876289,0.6907216494845361,0.27223155,0.14617565,0.5109258,0.0019243617
0.9487179487179487,0.6666666666666666,0.6538461538461539,0.1805556,0.111706704,0.42618686,0.0021311583
0.9020618556701031,0.7628865979381443,0.7010309278350515,0.20939392,0.10303473,0.47034806,0.0020280539
0.8187134502923976,0.6666666666666666,0.6081871345029239,0.37370545,0.15173732,0.5622983,0.0017807828
0.8693181818181818,0.7329545454545454,0.6875,0.28654835,0.1559679,0.45503,0.002064968
0.8913043478260869,0.7434782608695653,0.7217391304347827,0.27501756,0.13279384,0.5485016,0.0018206927
0.8731707317073171,0.775609756097561,0.7317073170731707,0.2520309,0.11279353,0.5097124,0.0019275867
0.9074074074074074,0.6296296296296297,0.5925925925925926,0.33248535,0.11814793,0.49586195,0.0019638566
0.9148936170212766,0.6914893617021277,0.6702127659574468,0.31905445,0.20841001,0.54396045,0.0018336121
0.9074074074074074,0.7222222222222222,0.7037037037037037,0.30640078,0.14137353,0.5637403,0.0017765545
0.9170731707317074,0.6292682926829268,0.6048780487804878,0.2832752,0.11231779,0.55481315,0.0018025584
0.864321608040201,0.7286432160804021,0.6884422110552764,0.39045084,0.12964302,0.5519987,0.0018106707
0.9,0.6227272727272727,0.6045454545454545,0.3080065,0.19227053,0.57184625,0.001752583
0.9471153846153846,0.7548076923076923,0.6826923076923077,0.28115886,0.14994065,0.5220915,0.0018943241
0.8661087866108786,0.7740585774058577,0.7531380753138075,0.2842894,0.12794673,0.5155559,0.0019119844
0.8961937716262975,0.6885813148788927,0.6678200692041523,0.44562748,0.19184385,0.6535898,0.0014917199
0.8840579710144928,0.7874396135265701,0.748792270531401,0.19905947,0.08772668,0.47821954,0.0020086097
0.9245283018867925,0.6226415094339622,0.6179245283018868,0.28531542,0.16347232,0.54853195,0.0018206058
0.9487179487179487,0.6615384615384615,0.6205128205128205,0.29281494,0.16569078,0.57039267,0.0017569069
0.914572864321608,0.5778894472361809,0.5276381909547738,0.331302,0.1591753,0.57315034,0.0017486945
0.9,0.768,0.724,0.37507272,0.15335174,0.5827915,0.0017196722
0.9358288770053476,0.7005347593582888,0.6898395721925134,0.3994496,0.2252553,0.522833,0.0018923065
0.9430379746835443,0.7468354430379747,0.7341772151898734,0.29225737,0.10819059,0.52654654,0.0018821581
0.9246031746031746,0.7658730158730159,0.7579365079365079,0.3539606,0.09874428,0.60890645,0.0016386276
0.8190045248868778,0.6108597285067874,0.5972850678733032,0.37494475,0.11780287,0.61811465,0.001609204
0.8385650224215246,0.7668161434977578,0.7085201793721974,0.27931476,0.15098643,0.5466921,0.0018258538
0.8764044943820225,0.6404494382022472,0.5955056179775281,0.33676013,0.12953559,0.5593618,0.0017893603
0.8973214285714286,0.6294642857142857,0.6294642857142857,0.39868763,0.15342899,0.6072589,0.0016438452
0.8806818181818182,0.7159090909090909,0.6306818181818182,0.35245857,0.13792437,0.57324207,0.0017484209
0.8774509803921569,0.7205882352941176,0.696078431372549,0.24846354,0.08834236,0.5016106,0.0019489242
0.926829268292683,0.751219512195122,0.6829268292682927,0.2190901,0.086886875,0.50254536,0.0019464797
0.9270833333333334,0.6614583333333334,0.6197916666666666,0.24996947,0.15289988,0.4419506,0.00209552
0.9030303030303031,0.7151515151515152,0.7090909090909091,0.21738596,0.11503786,0.52765244,0.0018791221
0.9178082191780822,0.7853881278538812,0.726027397260274,0.27391025,0.14211068,0.47042054,0.0020278762
0.9081632653061225,0.5969387755102041,0.5663265306122449,0.32254937,0.098178096,0.58456564,0.0017142786
0.8870056497175142,0.711864406779661,0.655367231638418,0.34077936,0.12639041,0.6262085,0.0015829764
0.8461538461538461,0.6346153846153846,0.5769230769230769,0.27982152,0.14398022,0.57485497,0.0017435983
0.9105263157894737,0.631578947368421,0.6105263157894737,0.30218303,0.14997822,0.5697909,0.0017586936
0.883248730964467,0.6649746192893401,0.649746192893401,0.25229722,0.1847457,0.49063644,0.001977281
0.8781725888324873,0.6294416243654822,0.6040609137055838,0.29562047,0.12422895,0.52239305,0.0018935039
0.9381443298969072,0.6134020618556701,0.5876288659793815,0.39464468,0.2002826,0.5928395,0.0016889097
0.9278350515463918,0.6649484536082474,0.6288659793814433,0.24983357,0.11961308,0.5230496,0.0018917165
0.921875,0.78125,0.7395833333333334,0.22739372,0.11987289,0.48401773,0.0019940806
0.9285714285714286,0.7983193277310925,0.7605042016806722,0.23841047,0.15701623,0.5068717,0.0019351072
0.889344262295082,0.7663934426229508,0.7418032786885246,0.28631374,0.12848672,0.5755698,0.0017414571
0.9138755980861244,0.7607655502392344,0.7177033492822966,0.24752642,0.12230455,0.45596758,0.0020627435
0.9408284023668639,0.5798816568047337,0.5562130177514792,0.35927984,0.13744333,0.56624246,0.0017691912
0.9209039548022598,0.6610169491525424,0.632768361581921,0.32258263,0.20898153,0.5305215,0.0018712161
0.9375,0.6988636363636364,0.6477272727272727,0.26734772,0.16638549,0.5005518,0.0019516872
0.8551401869158879,0.7242990654205608,0.6822429906542056,0.35457417,0.15087166,0.5566405,0.0017972691
0.803921568627451,0.6588235294117647,0.611764705882353,0.3408433,0.11266487,0.57801485,0.0017341118
0.8257575757575758,0.7386363636363636,0.696969696969697,0.3534076,0.12317005,0.6057166,0.0016487172
0.8952380952380953,0.7047619047619048,0.680952380952381,0.26559,0.15815963,0.47274175,0.0020221751
0.9317073170731708,0.5853658536585366,0.5707317073170731,0.2677916,0.14120913,0.5319259,0.0018673302
0.9272727272727272,0.740909090909091,0.7272727272727273,0.33672994,0.17009898,0.59683645,0.0016765265
0.9158415841584159,0.6584158415841584,0.6039603960396039,0.29567325,0.16416936,0.53202075,0.0018670677
0.8614232209737828,0.7752808988764045,0.7228464419475655,0.39976224,0.13659035,0.59924614,0.001669021
0.8926829268292683,0.6731707317073171,0.6585365853658537,0.36261976,0.11387739,0.60204023,0.0016602799
0.8770949720670391,0.5698324022346368,0.5586592178770949,0.24352714,0.15338543,0.4637009,0.0020442226
0.8589211618257261,0.7759336099585062,0.7551867219917012,0.30731907,0.12016728,0.56619906,0.0017693195
0.875,0.79,0.72,0.25877097,0.109051645,0.50744134,0.0019336023
0.8865979381443299,0.5618556701030928,0.520618556701031,0.3230291,0.20053177,0.560448,0.0017861929
0.8520408163265306,0.6020408163265306,0.5306122448979592,0.25747523,0.15262957,0.53854907,0.001848867
0.8172043010752689,0.6917562724014337,0.6774193548387096,0.32830226,0.1158781,0.5789174,0.0017313923
0.918552036199095,0.6425339366515838,0.6244343891402715,0.31883815,0.19145162,0.50122523,0.0019499306
0.9310344827586207,0.6689655172413793,0.6275862068965518,0.23352744,0.13835678,0.53605825,0.0018558375
0.9322033898305084,0.6892655367231638,0.6384180790960452,0.31227237,0.14994222,0.48322302,0.001996082
0.9193548387096774,0.6451612903225806,0.6182795698924731,0.34875128,0.13627347,0.5551214,0.0018016673
0.9180327868852459,0.6830601092896175,0.6284153005464481,0.2652821,0.1606846,0.4662214,0.0020381187
0.9519230769230769,0.6730769230769231,0.6298076923076923,0.3385137,0.09060168,0.59451234,0.0016837373
0.8689320388349514,0.7815533980582524,0.7330097087378641,0.2857648,0.120458156,0.51714903,0.0019077007
0.92,0.72,0.68,0.32278863,0.13367437,0.54668045,0.0018258867
0.9130434782608695,0.7004830917874396,0.6570048309178744,0.3809512,0.07147653,0.6622413,0.0014620743
0.8855721393034826,0.5870646766169154,0.5572139303482587,0.3048281,0.1383671,0.5159935,0.0019108093
0.865546218487395,0.6512605042016807,0.6008403361344538,0.31762743,0.13069119,0.58246005,0.0017206777
0.8852459016393442,0.7745901639344263,0.7254098360655737,0.3234219,0.123126335,0.54794824,0.0018222729
0.8703703703703703,0.7160493827160493,0.691358024691358,0.41246706,0.12994432,0.6202824,0.0016022129
0.9101796407185628,0.6526946107784432,0.6107784431137725,0.26778924,0.14070746,0.48641378,0.0019880251
0.8654708520179372,0.7847533632286996,0.7488789237668162,0.26342857,0.118619815,0.51495457,0.0019135984
0.912568306010929,0.7540983606557377,0.6939890710382514,0.27370536,0.1352703,0.47415134,0.0020186994
0.87248322147651,0.7583892617449665,0.7281879194630873,0.34687287,0.12413661,0.610303,0.0016341932
0.930635838150289,0.7052023121387283,0.6763005780346821,0.2502564,0.16140373,0.44051394,0.0020988213
0.885593220338983,0.7542372881355932,0.6652542372881356,0.2759292,0.15286122,0.5705185,0.001756533
0.9387755102040817,0.7959183673469388,0.7602040816326531,0.24292308,0.13435675,0.48422024,0.0019935698
0.8475609756097561,0.7926829268292683,0.7439024390243902,0.409991,0.12443393,0.65472806,0.0014878418
0.8755555555555555,0.6933333333333334,0.6755555555555556,0.4765541,0.18158813,0.704187,0.0013128145
0.8842105263157894,0.7473684210526316,0.7157894736842105,0.36104202,0.17179681,0.56599706,0.0017699151
0.8502994011976048,0.7784431137724551,0.6766467065868264,0.32576606,0.15953901,0.5052748,0.0019393159
0.934640522875817,0.803921568627451,0.7843137254901961,0.27543908,0.13096128,0.49473405,0.0019667663
0.900990099009901,0.6188118811881188,0.5792079207920792,0.2785273,0.13985062,0.5735035,0.0017476398
0.8808290155440415,0.7409326424870466,0.694300518134715,0.22738166,0.124195375,0.4860215,0.0019890186
0.9146341463414634,0.6890243902439024,0.6646341463414634,0.30208474,0.1356884,0.60024244,0.0016659088
0.8713450292397661,0.6198830409356725,0.543859649122807,0.2753173,0.1637006,0.48809916,0.001983748
0.8571428571428571,0.7357142857142858,0.7285714285714285,0.39660192,0.15417138,0.6327719,0.0015614576
0.8636363636363636,0.756198347107438,0.7107438016528925,0.31451726,0.084320106,0.57936084,0.0017300547
0.8961038961038961,0.7662337662337663,0.7207792207792207,0.32112923,0.17956847,0.52880585,0.0018759494
0.7915057915057915,0.6988416988416989,0.6872586872586872,0.350999,0.12450173,0.59764326,0.0016740173
0.8882978723404256,0.7553191489361702,0.7021276595744681,0.3350898,0.10745126,0.5748123,0.0017437261
0.8814432989690721,0.6494845360824743,0.5927835051546392,0.26097956,0.13008873,0.50306576,0.0019451169
0.88,0.805,0.725,0.23720627,0.09828271,0.5034391,0.0019441381
0.831275720164609,0.691358024691358,0.6419753086419753,0.30583754,0.15489487,0.5453524,0.0018296634
0.8366336633663366,0.6683168316831684,0.6633663366336634,0.30784377,0.14365435,0.5457402,0.0018285615
0.90625,0.8203125,0.71875,0.43532416,0.1398479,0.64803416,0.0015105517
0.9096045197740112,0.7005649717514124,0.672316384180791,0.27385777,0.13562447,0.5252687,0.0018856587
0.9035532994923858,0.6040609137055838,0.5583756345177665,0.29722846,0.24033959,0.5550834,0.0018017775
0.8730964467005076,0.649746192893401,0.6192893401015228,0.3059657,0.1803,0.46962315,0.0020298285
0.8464163822525598,0.7815699658703071,0.7372013651877133,0.37820113,0.17885606,0.59088326,0.0016949405
0.9119170984455959,0.6476683937823834,0.616580310880829,0.32338408,0.16811362,0.5080135,0.0019320896
0.848780487804878,0.6146341463414634,0.5902439024390244,0.2815441,0.19037254,0.55003214,0.0018163143
0.8904109589041096,0.8036529680365296,0.7579908675799086,0.34145334,0.13382156,0.54837596,0.0018210517
0.9090909090909091,0.6818181818181818,0.6477272727272727,0.20021541,0.07865865,0.4603977,0.0020521719
0.9395973154362416,0.7315436241610739,0.6912751677852349,0.33806565,0.14665179,0.5868811,0.0017072152
0.9119170984455959,0.6269430051813472,0.5854922279792746,0.2868834,0.14450662,0.49192852,0.001973975
0.9137931034482759,0.632183908045977,0.6206896551724138,0.3515277,0.18867266,0.5604877,0.001786077
0.8944099378881988,0.7018633540372671,0.6459627329192547,0.18034776,0.123222284,0.44833416,0.0020807202
0.9141104294478528,0.6993865030674846,0.6441717791411042,0.38706282,0.124248624,0.5599661,0.0017875988
0.8854625550660793,0.6035242290748899,0.6035242290748899,0.4201903,0.15840226,0.64043933,0.0015360353
0.9333333333333333,0.6615384615384615,0.6358974358974359,0.37324235,0.23067583,0.5498287,0.0018168968
0.8431372549019608,0.6980392156862745,0.6313725490196078,0.43823805,0.1320899,0.64465106,0.00152194
0.8723404255319149,0.6329787234042553,0.6063829787234043,0.33813107,0.16893995,0.5517481,0.0018113911
0.8925233644859814,0.602803738317757,0.5700934579439252,0.3207593,0.14416783,0.5688822,0.0017613884
0.8762541806020067,0.745819397993311,0.7090301003344481,0.400781,0.10540299,0.644762,0.0015215678
0.9162790697674419,0.6790697674418604,0.6558139534883721,0.33793017,0.18329594,0.5636014,0.0017769621
0.8492462311557789,0.8140703517587939,0.7839195979899497,0.2361496,0.15411215,0.46264857,0.0020467613
0.8959537572254336,0.6763005780346821,0.6416184971098265,0.41268027,0.18868569,0.54405385,0.0018333473
0.9012345679012346,0.6008230452674898,0.5967078189300411,0.447894,0.10058677,0.64910996,0.0015069172
0.91005291005291,0.7301587301587301,0.6084656084656085,0.26072624,0.1735921,0.5456872,0.0018287123
0.9333333333333333,0.6256410256410256,0.5743589743589743,0.2970166,0.16118145,0.5695156,0.0017595105
0.8857142857142857,0.5523809523809524,0.5285714285714286,0.3451315,0.12910119,0.582414,0.0017208176
0.9409448818897638,0.7322834645669292,0.7165354330708661,0.42792636,0.09209029,0.6305602,0.0015687341
0.875,0.83125,0.8125,0.3741711,0.19494072,0.5525953,0.0018089543
0.9341317365269461,0.7724550898203593,0.7425149700598802,0.24086206,0.1535125,0.51532304,0.0019126098
0.9304347826086956,0.8260869565217391,0.7695652173913043,0.35020384,0.15175702,0.59084874,0.0016950468
0.89937106918239,0.7421383647798742,0.7044025157232704,0.37820604,0.17723629,0.5818358,0.0017225705
0.7933579335793358,0.6900369003690037,0.6678966789667896,0.33153287,0.09423036,0.60931206,0.0016373409
0.9010989010989011,0.6648351648351648,0.6538461538461539,0.27038836,0.114146546,0.49748397,0.0019596608
0.9223300970873787,0.7718446601941747,0.7572815533980582,0.20627116,0.12643635,0.47095877,0.002026557
0.8564593301435407,0.6124401913875598,0.5119617224880383,0.31161648,0.15483166,0.5716927,0.0017530406
0.8361344537815126,0.7436974789915967,0.6932773109243697,0.31584004,0.09795765,0.5542234,0.0018042615
0.8634146341463415,0.6439024390243903,0.6146341463414634,0.36403462,0.13683905,0.61406624,0.0016221944
0.9067357512953368,0.6010362694300518,0.5699481865284974,0.3488277,0.13037436,0.58854,0.001702137
0.8877005347593583,0.8181818181818182,0.7807486631016043,0.24461675,0.077717476,0.5013716,0.0019495484
0.8571428571428571,0.763265306122449,0.7346938775510204,0.23922221,0.10921047,0.54045665,0.0018435068
0.8761061946902655,0.7654867256637168,0.7212389380530974,0.17192747,0.12163429,0.4729744,0.0020216021
0.9222797927461139,0.7616580310880829,0.7046632124352331,0.2094724,0.099442706,0.46202374,0.002048266
0.8941176470588236,0.6941176470588235,0.6823529411764706,0.40870023,0.15954943,0.5644264,0.0017745387
0.8424242424242424,0.7090909090909091,0.6787878787878788,0.33728138,0.16555738,0.50994444,0.0019269703
0.9408866995073891,0.645320197044335,0.6157635467980296,0.2543341,0.16296904,0.5352332,0.0018581391
0.9481865284974094,0.6632124352331606,0.6269430051813472,0.4610237,0.15193784,0.66925323,0.0014377609
0.9078947368421053,0.7236842105263158,0.6842105263157895,0.3202113,0.19548687,0.56274045,0.0017794875
0.8238095238095238,0.6714285714285714,0.6666666666666666,0.3065578,0.12009181,0.51207757,0.001921293
0.8767123287671232,0.7054794520547946,0.6232876712328768,0.36611825,0.15226375,0.6283413,0.0015760083
0.9215686274509803,0.5784313725490197,0.553921568627451,0.2455774,0.11815366,0.5074336,0.0019336228
0.7915194346289752,0.7208480565371025,0.7031802120141343,0.3644633,0.09525265,0.63242114,0.0015626136
0.9473684210526315,0.6736842105263158,0.6473684210526316,0.4132752,0.16079532,0.6304971,0.0015689415
0.9235668789808917,0.7197452229299363,0.6687898089171974,0.34811735,0.18090999,0.5743999,0.0017449603
0.8372093023255814,0.6325581395348837,0.5581395348837209,0.50186205,0.168628,0.6987143,0.0013328082
0.8864864864864865,0.7783783783783784,0.745945945945946,0.23588534,0.11700612,0.49431404,0.001967848
0.8380952380952381,0.6285714285714286,0.6142857142857143,0.33354333,0.21589486,0.50242376,0.0019467981
0.7928571428571428,0.6785714285714286,0.65,0.36353663,0.12661523,0.5796489,0.0017291856
0.943502824858757,0.768361581920904,0.7288135593220338,0.26017955,0.0963098,0.5054922,0.0019387439
0.8829787234042553,0.8297872340425532,0.75,0.24364148,0.12298234,0.5056957,0.0019382077
0.8789808917197452,0.732484076433121,0.7006369426751592,0.49501994,0.12574503,0.6724401,0.001426626
0.8666666666666667,0.6871794871794872,0.6051282051282051,0.33658475,0.18481717,0.53323025,0.0018637121
0.9004329004329005,0.7705627705627706,0.696969696969697,0.21468194,0.1311195,0.49720305,0.0019603884
0.8829787234042553,0.7819148936170213,0.7393617021276596,0.24477448,0.09768437,0.47862738,0.0020075934
0.9,0.7666666666666667,0.7416666666666667,0.20826186,0.13589066,0.5075346,0.0019333557
0.9029126213592233,0.616504854368932,0.587378640776699,0.30520168,0.13340835,0.590082,0.0016974043
0.8672199170124482,0.7842323651452282,0.7261410788381742,0.25398436,0.11704853,0.51183826,0.0019219313
0.9013452914798207,0.7085201793721974,0.6771300448430493,0.4343797,0.13422203,0.6255309,0.0015851852
0.8786127167630058,0.8034682080924855,0.7456647398843931,0.28700387,0.15096208,0.48795113,0.0019841243
0.8988095238095238,0.6904761904761905,0.6428571428571429,0.36301744,0.18371758,0.56333905,0.0017777318
0.9047619047619048,0.7777777777777778,0.746031746031746,0.25369984,0.08391343,0.46334398,0.0020450843
0.9239130434782609,0.6086956521739131,0.5706521739130435,0.21365917,0.11986365,0.49246243,0.0019726062
0.9390243902439024,0.6524390243902439,0.5914634146341463,0.32164448,0.1549744,0.5610766,0.0017843571
0.8983957219251337,0.679144385026738,0.6470588235294118,0.26777396,0.105693474,0.52650845,0.0018822625
0.9166666666666666,0.7111111111111111,0.6833333333333333,0.34180617,0.1157867,0.5952985,0.0016813012
0.9195979899497487,0.7085427135678392,0.6582914572864321,0.24041028,0.15507035,0.45470265,0.0020657436
0.8757396449704142,0.7692307692307693,0.7514792899408284,0.3015395,0.12773249,0.5355758,0.0018571839
0.9126637554585153,0.8078602620087336,0.7510917030567685,0.23518454,0.09933149,0.536425,0.0018548132
0.9166666666666666,0.7456140350877193,0.7236842105263158,0.33743885,0.17450629,0.5936167,0.0016865078
0.8687258687258688,0.6602316602316602,0.637065637065637,0.3897538,0.12076336,0.61586756,0.0016164248
0.8934426229508197,0.7172131147540983,0.6762295081967213,0.40571204,0.12593117,0.6558609,0.001483975
0.9162790697674419,0.7906976744186046,0.7441860465116279,0.2898915,0.13886382,0.4900428,0.0019787971
0.9090909090909091,0.6753246753246753,0.6406926406926406,0.3672119,0.17445892,0.5755045,0.0017416527
0.8823529411764706,0.6684491978609626,0.6310160427807486,0.34225574,0.12790805,0.5433392,0.0018353714
0.8767772511848341,0.7677725118483413,0.7203791469194313,0.22131401,0.12520309,0.46018726,0.0020526764
0.9314285714285714,0.6685714285714286,0.6285714285714286,0.31569213,0.0718394,0.54367113,0.0018344315
0.8797814207650273,0.7759562841530054,0.726775956284153,0.25330243,0.1090011,0.4843092,0.0019933453
0.9050632911392406,0.7784810126582279,0.7088607594936709,0.34540895,0.16588712,0.51509094,0.0019132327
0.8695652173913043,0.6328502415458938,0.6038647342995169,0.26442924,0.12437914,0.57474375,0.0017439313
0.8934010152284264,0.7969543147208121,0.7309644670050761,0.24530168,0.13378048,0.4672017,0.0020357359
0.8805031446540881,0.710691823899371,0.6855345911949685,0.3589127,0.14067784,0.59742254,0.0016747038
0.9016393442622951,0.819672131147541,0.7814207650273224,0.22169922,0.11230411,0.492593,0.001972271
0.9494949494949495,0.7777777777777778,0.7373737373737373,0.27906314,0.1324228,0.53868,0.0018484996
0.905,0.7,0.665,0.33021644,0.15358578,0.5278891,0.0018784719
0.93,0.65,0.63,0.27452335,0.111875676,0.5696935,0.001758983
0.9,0.64,0.6,0.28993142,0.14990732,0.54838073,0.001821038
0.8662420382165605,0.7261146496815286,0.6687898089171974,0.3910036,0.12899019,0.604892,0.0016513172
0.9593023255813954,0.7790697674418605,0.7383720930232558,0.3420961,0.14945245,0.5324389,0.0018659089
0.9081081081081082,0.6324324324324324,0.6108108108108108,0.3157946,0.16139992,0.5409216,0.0018421976
0.7991967871485943,0.6947791164658634,0.6867469879518072,0.3010492,0.10182377,0.59867567,0.0016708005
0.7987421383647799,0.7232704402515723,0.6918238993710691,0.3840158,0.19278523,0.60529745,0.0016500392
0.8731707317073171,0.6487804878048781,0.624390243902439,0.36471385,0.14792778,0.60967755,0.0016361807
0.9170731707317074,0.8195121951219512,0.7804878048780488,0.22566143,0.086726435,0.4833793,0.0019956885
0.9146919431279621,0.6066350710900474,0.5545023696682464,0.42741102,0.13153149,0.6470247,0.0015139558
0.7873134328358209,0.6977611940298507,0.6753731343283582,0.37803355,0.119556315,0.600649,0.0016646376
0.8722222222222222,0.7166666666666667,0.6888888888888889,0.3681937,0.11788631,0.5571351,0.001795835
0.885,0.685,0.67,0.33948794,0.22313331,0.5570914,0.0017959615
0.8669527896995708,0.7467811158798283,0.6952789699570815,0.37797377,0.14349745,0.6197282,0.0016040026
0.8724489795918368,0.7857142857142857,0.7244897959183674,0.24411699,0.10429518,0.4856742,0.0019898973
0.9206349206349206,0.746031746031746,0.7354497354497355,0.3263466,0.16367947,0.5253646,0.0018853963
0.8943396226415095,0.7660377358490567,0.7396226415094339,0.34255767,0.12738825,0.58409065,0.0017157244
0.8814432989690721,0.7989690721649485,0.788659793814433,0.22622965,0.10594176,0.48598862,0.0019891018
0.8958333333333334,0.6197916666666666,0.5625,0.32298502,0.14118747,0.5728334,0.0017496403
0.8631178707224335,0.6958174904942965,0.6768060836501901,0.38414815,0.15889442,0.58313507,0.0017186288
0.9193548387096774,0.7849462365591398,0.7580645161290323,0.2254096,0.10893819,0.45289648,0.0020700125
0.8817204301075269,0.8225806451612904,0.7956989247311828,0.24759725,0.12559682,0.4647323,0.002041729
0.8203389830508474,0.6915254237288135,0.6644067796610169,0.375987,0.14091747,0.58099884,0.0017251052
0.9042553191489362,0.5957446808510638,0.5478723404255319,0.25970098,0.10563631,0.5411888,0.0018414445
0.8960396039603961,0.6089108910891089,0.5841584158415841,0.31571385,0.17151846,0.5663308,0.0017689312
0.9375,0.7135416666666666,0.6614583333333334,0.3374185,0.11066116,0.5649341,0.0017730455
0.9607843137254902,0.6993464052287581,0.6797385620915033,0.28979418,0.11023745,0.5337765,0.0018621944
0.8735632183908046,0.7758620689655172,0.7183908045977011,0.28194848,0.12828195,0.51436836,0.0019151698
0.9047619047619048,0.6142857142857143,0.580952380952381,0.30017647,0.11816665,0.5549532,0.0018021533
0.8507462686567164,0.6915422885572139,0.6567164179104478,0.41283143,0.16267109,0.625697,0.001584644
0.90625,0.6458333333333334,0.640625,0.18290582,0.13744754,0.41538575,0.00215483
0.8990384615384616,0.7548076923076923,0.7163461538461539,0.22726883,0.10187205,0.4986414,0.0019566582
0.8112244897959183,0.7040816326530612,0.6785714285714286,0.33874217,0.16032235,0.5732556,0.0017483803
0.8851351351351351,0.6824324324324325,0.6013513513513513,0.45146936,0.09818119,0.6713178,0.001430553
0.8596491228070176,0.5964912280701754,0.5847953216374269,0.41901878,0.19297306,0.5537244,0.0018057016
0.8776595744680851,0.7819148936170213,0.7180851063829787,0.3796999,0.17361015,0.5986953,0.0016707396
0.9027027027027027,0.6864864864864865,0.6594594594594595,0.26617435,0.13736466,0.4887193,0.0019821704
0.9371069182389937,0.6729559748427673,0.6477987421383647,0.32667348,0.14042132,0.5222804,0.0018938103
0.9181286549707602,0.5555555555555556,0.5263157894736842,0.2806375,0.1770478,0.531249,0.0018692045
0.9117647058823529,0.8235294117647058,0.7303921568627451,0.24267761,0.12395464,0.5073946,0.0019337256
0.9010989010989011,0.7417582417582418,0.6648351648351648,0.22243503,0.10757568,0.4699827,0.0020289484
0.943502824858757,0.7344632768361582,0.655367231638418,0.42344078,0.13764568,0.6510745,0.0015002656
0.9318181818181818,0.7443181818181818,0.7045454545454546,0.29398897,0.09546577,0.52526575,0.0018856665
0.8438818565400844,0.7510548523206751,0.7257383966244726,0.28174713,0.1393725,0.55465066,0.0018030278
0.8551401869158879,0.5887850467289719,0.5280373831775701,0.38152748,0.15361245,0.5802863,0.0017272597
0.8378378378378378,0.572972972972973,0.5459459459459459,0.507288,0.14334685,0.6769895,0.0014106388
0.8467153284671532,0.7299270072992701,0.6861313868613139,0.50937784,0.16416678,0.6922509,0.0013562212
0.8907563025210085,0.7983193277310925,0.7941176470588235,0.28173378,0.12818691,0.56838334,0.0017628657
0.8865979381443299,0.634020618556701,0.6082474226804123,0.43461713,0.10403476,0.63677204,0.0015482331
0.8541666666666666,0.7083333333333334,0.6145833333333334,0.29290453,0.14506191,0.5576174,0.0017944345
0.9226190476190477,0.6904761904761905,0.6607142857142857,0.3620529,0.14792623,0.55914325,0.001789997
0.9077669902912622,0.5922330097087378,0.558252427184466,0.34097505,0.16154723,0.592152,0.0016910313
0.843065693430657,0.6897810218978102,0.6715328467153284,0.32966796,0.17720555,0.5728419,0.0017496152
0.925531914893617,0.7074468085106383,0.6808510638297872,0.25140062,0.12804762,0.47242317,0.0020229593
0.9417989417989417,0.783068783068783,0.7354497354497355,0.34434363,0.16525091,0.44446802,0.0020897088
0.9171597633136095,0.650887573964497,0.5562130177514792,0.4012649,0.18441539,0.641061,0.0015339603
0.92,0.615,0.56,0.33163634,0.16112594,0.5640478,0.0017756516
0.9210526315789473,0.7263157894736842,0.6578947368421053,0.3058848,0.13959874,0.5237236,0.001889879
0.8529411764705882,0.6764705882352942,0.6352941176470588,0.16763312,0.11326623,0.5070544,0.0019346247
0.8956043956043956,0.7087912087912088,0.6648351648351648,0.3004852,0.12712592,0.5533503,0.0018067798
0.9261083743842364,0.7635467980295566,0.7487684729064039,0.21867712,0.11019588,0.4416743,0.002096156
0.8540540540540541,0.6486486486486487,0.5891891891891892,0.27705756,0.13608544,0.5120488,0.00192137
0.8835978835978836,0.671957671957672,0.6507936507936508,0.35659677,0.19421668,0.4904976,0.0019776358
0.9371069182389937,0.7861635220125787,0.7610062893081762,0.32639512,0.09150279,0.59525,0.0016814516
0.914572864321608,0.6231155778894473,0.5879396984924623,0.25021857,0.08931992,0.5255267,0.0018849522
0.8829787234042553,0.75,0.7021276595744681,0.18248156,0.1043987,0.44539982,0.0020875495
0.8642533936651584,0.6425339366515838,0.6153846153846154,0.27937955,0.17118606,0.5979278,0.0016731309
0.8617021276595744,0.601063829787234,0.5691489361702128,0.28270948,0.20290652,0.45734236,0.002059474
0.910958904109589,0.773972602739726,0.7465753424657534,0.31973556,0.15741485,0.5322366,0.0018664692
0.9078947368421053,0.5964912280701754,0.5921052631578947,0.3823498,0.16496317,0.63859093,0.001542192
0.8795620437956204,0.7554744525547445,0.7335766423357665,0.46998578,0.10145826,0.633658,0.0015585352
0.8670520231213873,0.7514450867052023,0.653179190751445,0.30711067,0.18584152,0.54779375,0.0018227138
0.9333333333333333,0.7393939393939394,0.7151515151515152,0.34175977,0.119453646,0.5317117,0.0018679239
0.8659420289855072,0.7753623188405797,0.7391304347826086,0.382572,0.15288553,0.59949136,0.0016682558
0.8958333333333334,0.734375,0.6822916666666666,0.23477957,0.18021615,0.4584681,0.002056789
0.9123711340206185,0.7371134020618557,0.6752577319587629,0.22827591,0.13551556,0.45624897,0.002062075
0.9024390243902439,0.7902439024390244,0.7609756097560976,0.23370631,0.0970114,0.5135138,0.0019174572
0.9032258064516129,0.625,0.6008064516129032,0.41681734,0.1912549,0.6461125,0.0015170275
0.9215686274509803,0.6519607843137255,0.6274509803921569,0.31461868,0.123748906,0.5509471,0.0018136908
0.8693181818181818,0.6477272727272727,0.6022727272727273,0.37722272,0.16719787,0.5846664,0.0017139717
0.8785714285714286,0.7428571428571429,0.6642857142857143,0.4319672,0.14243935,0.5954456,0.0016808454
0.8430493273542601,0.5874439461883408,0.5739910313901345,0.3344103,0.15599711,0.59465253,0.0016833028
0.9090909090909091,0.6470588235294118,0.5828877005347594,0.45361727,0.16133043,0.6507697,0.0015012991
0.9318181818181818,0.6875,0.6704545454545454,0.40920395,0.15439586,0.63110983,0.0015669279
0.9585492227979274,0.6010362694300518,0.5751295336787565,0.39664823,0.1224112,0.6392642,0.0015399515
0.9076923076923077,0.6820512820512821,0.6461538461538462,0.28146818,0.14139985,0.48453233,0.0019927823
0.7973568281938326,0.73568281938326,0.6651982378854625,0.33578742,0.1125399,0.58722293,0.0017061699
0.9343434343434344,0.6717171717171717,0.6111111111111112,0.32792437,0.11832363,0.58533853,0.0017119241
0.8497109826589595,0.5780346820809249,0.5549132947976878,0.38185266,0.16249494,0.6247199,0.0015878255
0.9096385542168675,0.6445783132530121,0.608433734939759,0.2314915,0.11465141,0.45452,0.0020661762
0.863905325443787,0.6982248520710059,0.6568047337278107,0.41706753,0.1399239,0.59535,0.0016811416
0.9050279329608939,0.6536312849162011,0.5977653631284916,0.372918,0.1431035,0.56907415,0.0017608193
0.8539325842696629,0.6853932584269663,0.5112359550561798,0.3884241,0.14837906,0.61128676,0.001631064
0.8515901060070671,0.7031802120141343,0.6819787985865724,0.38886535,0.12873664,0.617,0.0016127893
0.9147982062780269,0.7354260089686099,0.6905829596412556,0.26197663,0.10114931,0.5241747,0.001888648
0.8873873873873874,0.6081081081081081,0.5720720720720721,0.34364367,0.13107951,0.57986903,0.0017285207
0.9279661016949152,0.7372881355932204,0.6864406779661016,0.2980348,0.13652585,0.54875535,0.0018199678
0.9226804123711341,0.6649484536082474,0.6185567010309279,0.24529909,0.13774148,0.4596674,0.0020539216
0.930635838150289,0.7456647398843931,0.6936416184971098,0.30185458,0.110552184,0.55156887,0.0018119058
0.8540540540540541,0.5783783783783784,0.5297297297297298,0.25049865,0.14095213,0.47279257,0.00202205
0.9064327485380117,0.7192982456140351,0.6783625730994152,0.33041215,0.13387172,0.59186715,0.0016919099
0.875,0.7105263157894737,0.6907894736842105,0.29718423,0.1342966,0.51089126,0.0019244538
0.8874458874458875,0.6060606060606061,0.5887445887445888,0.36538428,0.14581518,0.6175275,0.0016110934
0.8436018957345972,0.6919431279620853,0.6540284360189573,0.30264097,0.14356728,0.5410164,0.0018419302
0.9005524861878453,0.7182320441988951,0.6408839779005525,0.3301292,0.1562038,0.58618283,0.0017093484
0.9257142857142857,0.5657142857142857,0.5257142857142857,0.3164314,0.17117478,0.51699364,0.0019081187
0.9197530864197531,0.7901234567901234,0.7345679012345679,0.29065967,0.17395885,0.5307896,0.0018704751
0.9034090909090909,0.6590909090909091,0.6477272727272727,0.2254064,0.16992864,0.5225648,0.0018930365
0.8605769230769231,0.6634615384615384,0.6442307692307693,0.3599137,0.14644524,0.63109124,0.0015669893
0.8944723618090452,0.8140703517587939,0.7286432160804021,0.1907345,0.09679914,0.4815944,0.0020001743
0.8872549019607843,0.5784313725490197,0.5392156862745098,0.2687101,0.1776671,0.47724232,0.0020110412
0.9027777777777778,0.6898148148148148,0.6666666666666666,0.40391916,0.127043,0.59816945,0.0016723787
0.9055555555555556,0.7611111111111111,0.7222222222222222,0.31657293,0.0869874,0.56465906,0.0017738551
0.8975409836065574,0.7745901639344263,0.7745901639344263,0.31195164,0.14843409,0.5664289,0.0017686415
0.9261083743842364,0.6305418719211823,0.5714285714285714,0.3121502,0.13319857,0.5513994,0.0018123925
0.8826086956521739,0.782608695652174,0.7391304347826086,0.31352448,0.13403304,0.56458545,0.0017740714
0.8990384615384616,0.6538461538461539,0.6201923076923077,0.309362,0.16093637,0.5879987,0.0017037956
0.9364161849710982,0.6820809248554913,0.6242774566473989,0.30574682,0.12843633,0.5370541,0.0018530544
0.8722466960352423,0.7533039647577092,0.7312775330396476,0.36806458,0.17087547,0.58488315,0.0017133119
0.8823529411764706,0.6680672268907563,0.6554621848739496,0.3992481,0.13483004,0.6285434,0.001575347
0.9207920792079208,0.6485148514851485,0.6089108910891089,0.32232058,0.13353391,0.5784246,0.0017328776
0.898989898989899,0.6212121212121212,0.5757575757575758,0.3042054,0.13293631,0.5450696,0.0018304664
0.918918918918919,0.7513513513513513,0.7297297297297297,0.38706148,0.17338076,0.58140266,0.0017238827
0.9086538461538461,0.6153846153846154,0.5817307692307693,0.35355693,0.16078684,0.60529,0.0016500625
0.8958333333333334,0.6875,0.6875,0.3869127,0.09105819,0.6448431,0.0015212953
0.8764940239043825,0.7569721115537849,0.6972111553784861,0.32630876,0.09308874,0.60148287,0.0016620271
0.9419354838709677,0.6903225806451613,0.6709677419354839,0.42396933,0.085844494,0.66502595,0.0014524491
0.8968609865470852,0.6681614349775785,0.6547085201793722,0.29830912,0.0939826,0.5729127,0.0017494038
0.9158878504672897,0.7850467289719626,0.7289719626168224,0.21100022,0.090532064,0.48313877,0.0019962941
0.8666666666666667,0.7508771929824561,0.7228070175438597,0.34748253,0.12554605,0.60958993,0.0016364586
0.8874172185430463,0.7417218543046358,0.6754966887417219,0.43831423,0.11259884,0.6499642,0.0015040276
0.8883928571428571,0.7633928571428571,0.7098214285714286,0.27543637,0.15136997,0.516467,0.001909536
0.8819875776397516,0.6708074534161491,0.6273291925465838,0.26784736,0.14716269,0.47623357,0.0020135457
0.8708133971291866,0.6698564593301436,0.645933014354067,0.31890732,0.09295928,0.6223674,0.0015954658
0.8952879581151832,0.6335078534031413,0.612565445026178,0.29657546,0.14218122,0.4678024,0.0020342732
0.8813559322033898,0.615819209039548,0.5706214689265536,0.25132474,0.15364408,0.50897557,0.0019295415
0.8947368421052632,0.6789473684210526,0.6578947368421053,0.3386712,0.13429804,0.5860293,0.0017098169
0.9144736842105263,0.7236842105263158,0.6907894736842105,0.29833218,0.20353544,0.5753468,0.0017421251
0.91324200913242,0.593607305936073,0.5616438356164384,0.34307343,0.19621295,0.6086906,0.0016393116
0.9395604395604396,0.5934065934065934,0.5714285714285714,0.2899112,0.13764173,0.5890858,0.0017004634
0.875968992248062,0.7286821705426356,0.6976744186046512,0.39296156,0.15328375,0.6215788,0.0015980202
0.883177570093458,0.6915887850467289,0.677570093457944,0.31447092,0.12970419,0.58643913,0.0017085653
0.8962962962962963,0.7333333333333333,0.7185185185185186,0.31833544,0.15704232,0.5480359,0.0018220224
0.7923497267759563,0.7486338797814208,0.7103825136612022,0.23452565,0.1616368,0.46321407,0.0020453979
0.8571428571428571,0.6020408163265306,0.5663265306122449,0.35035986,0.20771402,0.52964455,0.0018736371
0.9308943089430894,0.7357723577235772,0.7195121951219512,0.34906986,0.18919502,0.6197163,0.0016040411
0.8780487804878049,0.6292682926829268,0.5707317073170731,0.28053042,0.13784376,0.5224136,0.0018934481
0.8532110091743119,0.8165137614678899,0.7844036697247706,0.29066035,0.14929348,0.54406923,0.0018333038
0.8826291079812206,0.6384976525821596,0.6291079812206573,0.34164584,0.11228889,0.59096605,0.0016946853
0.9166666666666666,0.6666666666666666,0.640625,0.2931782,0.12532707,0.4692103,0.0020308376
0.9567307692307693,0.6153846153846154,0.5913461538461539,0.27875623,0.15277013,0.5599211,0.00178773
0.9146341463414634,0.7804878048780488,0.7439024390243902,0.3358984,0.16751717,0.58787495,0.0017041747
0.9178743961352657,0.6714975845410628,0.6473429951690821,0.2932878,0.16623916,0.5316878,0.0018679899
0.8868778280542986,0.7104072398190046,0.7013574660633484,0.36016458,0.08539597,0.63131815,0.0015662435
0.9261083743842364,0.6206896551724138,0.5812807881773399,0.32765138,0.1258874,0.56565905,0.0017709114
0.8932038834951457,0.6359223300970874,0.5922330097087378,0.32022735,0.18139702,0.61593217,0.0016162177
0.8652173913043478,0.7608695652173914,0.7565217391304347,0.33866432,0.13527842,0.572376,0.0017510044
0.9009433962264151,0.5990566037735849,0.5613207547169812,0.26869178,0.10292015,0.54755753,0.0018233875
0.9058823529411765,0.7098039215686275,0.6980392156862745,0.36472878,0.16914403,0.6222731,0.0015957715
0.8881987577639752,0.6086956521739131,0.6024844720496895,0.21737714,0.14380202,0.46987668,0.0020292082
0.8580246913580247,0.5925925925925926,0.5370370370370371,0.35672483,0.12896127,0.56894064,0.0017612152
0.8994708994708994,0.7936507936507936,0.7513227513227513,0.21549535,0.1045269,0.46649757,0.0020374479
0.9090909090909091,0.7159090909090909,0.6647727272727273,0.31462383,0.21986616,0.5288772,0.0018757522
0.8669724770642202,0.6605504587155964,0.6376146788990825,0.32500362,0.16921626,0.5482763,0.0018213362
0.9090909090909091,0.8333333333333334,0.7878787878787878,0.51233685,0.17008285,0.7331039,0.00120458
0.8702928870292888,0.7071129707112971,0.6861924686192469,0.3374565,0.15371215,0.61950976,0.0016047079
0.9430051813471503,0.6424870466321243,0.5854922279792746,0.34726325,0.11929831,0.5842939,0.0017151058
0.9187817258883249,0.7106598984771574,0.6548223350253807,0.43003836,0.1652407,0.57748866,0.0017356947
0.9197860962566845,0.7433155080213903,0.7433155080213903,0.39037898,0.18711929,0.56253684,0.0017800842
0.8755555555555555,0.7911111111111111,0.7688888888888888,0.22587861,0.12368113,0.49698824,0.0019609444
0.8744588744588745,0.7186147186147186,0.7012987012987013,0.38254356,0.134105,0.63695604,0.0015476225
0.8333333333333334,0.6607142857142857,0.6369047619047619,0.42768663,0.19406144,0.5116111,0.0019225366
0.8483754512635379,0.7509025270758123,0.7003610108303249,0.41276693,0.16182302,0.6361546,0.0015502799
0.8717948717948718,0.8,0.7282051282051282,0.222887,0.09580392,0.4743802,0.0020181339
0.8617021276595744,0.6382978723404256,0.5585106382978723,0.42453516,0.11571333,0.6179452,0.0016097497
0.8418079096045198,0.6779661016949152,0.6666666666666666,0.35270765,0.19887982,0.56776494,0.0017646953
0.8725868725868726,0.7567567567567568,0.7297297297297297,0.34774342,0.14149304,0.61772734,0.0016104504
0.904,0.776,0.744,0.30962986,0.15618698,0.58514416,0.0017125164
0.8449197860962567,0.7807486631016043,0.7433155080213903,0.26574048,0.13743196,0.5402676,0.0018440392
0.828125,0.78125,0.734375,0.3233846,0.14895107,0.55843776,0.0017920503
0.8857142857142857,0.6928571428571428,0.5428571428571428,0.3983719,0.12059049,0.65159035,0.0014985156
0.8663101604278075,0.6684491978609626,0.5989304812834224,0.28082564,0.13641952,0.44338828,0.0020922052
0.8872549019607843,0.5980392156862745,0.5637254901960784,0.2357001,0.12476934,0.5377833,0.0018510133
0.8565022421524664,0.6636771300448431,0.6457399103139013,0.31878716,0.121503524,0.56276274,0.0017794222
0.8733624454148472,0.6462882096069869,0.5895196506550219,0.3357917,0.11172156,0.57767934,0.0017351216
0.8817204301075269,0.6881720430107527,0.6344086021505376,0.32330972,0.11543769,0.55778235,0.0017939553
0.8834080717488789,0.5829596412556054,0.5650224215246636,0.27578664,0.19095182,0.49700105,0.0019609113
0.8783068783068783,0.798941798941799,0.7037037037037037,0.23423216,0.13883372,0.4501524,0.0020764656
0.9194915254237288,0.6398305084745762,0.6059322033898306,0.34059045,0.13877238,0.5994062,0.0016685212
0.9414225941422594,0.7949790794979079,0.7364016736401674,0.3720174,0.1316911,0.58830035,0.0017028715
0.8521739130434782,0.7565217391304347,0.7130434782608696,0.32973838,0.13908008,0.5525308,0.0018091401
0.8097345132743363,0.7123893805309734,0.6061946902654868,0.2849198,0.18552767,0.5130841,0.0019186061
0.9155844155844156,0.8116883116883117,0.7727272727272727,0.22279122,0.14146441,0.47207206,0.0020238226
0.8908296943231441,0.6026200873362445,0.5720524017467249,0.3891477,0.17971621,0.6145409,0.0016206756
0.898936170212766,0.6702127659574468,0.6276595744680851,0.2540513,0.13327298,0.5221569,0.0018941462
0.9244186046511628,0.7209302325581395,0.686046511627907,0.21733682,0.07682344,0.441527,0.0020964947
0.828,0.72,0.672,0.32339486,0.11158195,0.5517537,0.0018113748
0.7945945945945946,0.5621621621621622,0.5459459459459459,0.39148787,0.15121898,0.5952851,0.0016813427
0.8835978835978836,0.6190476190476191,0.582010582010582,0.31766424,0.16287385,0.54967594,0.0018173344
0.8633093525179856,0.6906474820143885,0.6402877697841727,0.24769221,0.18391463,0.5119869,0.0019215349
0.9029126213592233,0.5970873786407767,0.5631067961165048,0.30800432,0.18834576,0.570698,0.0017559999
0.9174757281553398,0.6262135922330098,0.6116504854368932,0.44310638,0.13739476,0.670562,0.0014331943
0.8961038961038961,0.7748917748917749,0.7142857142857143,0.33646718,0.115087256,0.5997026,0.001667596
0.8783783783783784,0.6711711711711712,0.6576576576576577,0.27184588,0.119191684,0.560178,0.0017869808
0.8708333333333333,0.7708333333333334,0.7458333333333333,0.30415484,0.10701098,0.5864941,0.0017083976
0.8403755868544601,0.6103286384976526,0.539906103286385,0.30505073,0.17746456,0.57000655,0.0017580535
0.9086294416243654,0.6649746192893401,0.6040609137055838,0.3342442,0.09990168,0.52157867,0.0018957179
0.8594377510040161,0.7951807228915663,0.7630522088353414,0.3044614,0.13059483,0.57381165,0.0017467194
0.9170731707317074,0.6341463414634146,0.5853658536585366,0.35427654,0.121892065,0.5999258,0.0016668987
0.8826291079812206,0.7370892018779343,0.7136150234741784,0.2972561,0.13239548,0.5447626,0.0018313382
0.9105263157894737,0.631578947368421,0.6157894736842106,0.33830273,0.14665364,0.56005174,0.0017873492
0.8782608695652174,0.7608695652173914,0.7043478260869566,0.21439105,0.08536756,0.47888312,0.0020069557
0.8805309734513275,0.6371681415929203,0.6194690265486725,0.38492295,0.10530847,0.6304138,0.0015692147
0.8392857142857143,0.8333333333333334,0.7976190476190477,0.3555817,0.15952525,0.56432134,0.0017748476
0.8915094339622641,0.7877358490566038,0.7311320754716981,0.31157956,0.112959504,0.53920573,0.0018470237
0.8638743455497382,0.7015706806282722,0.5916230366492147,0.30721676,0.14405851,0.56502867,0.0017727673
0.89,0.77,0.7,0.19753417,0.10474054,0.45239496,0.0020711948
0.9061032863849765,0.704225352112676,0.6807511737089202,0.2920364,0.09962889,0.5640234,0.0017757233
0.91,0.82,0.765,0.25150904,0.11740367,0.49236333,0.0019728604
0.9438775510204082,0.6581632653061225,0.576530612244898,0.2664076,0.2090834,0.4524721,0.002071013
0.8706896551724138,0.771551724137931,0.7413793103448276,0.2716095,0.09040372,0.5463655,0.0018267833
0.9121338912133892,0.7489539748953975,0.7196652719665272,0.3070301,0.0983489,0.5542795,0.0018040994
0.9381443298969072,0.8092783505154639,0.7628865979381443,0.25534618,0.09004139,0.49117044,0.0019759156
0.8481012658227848,0.679324894514768,0.6286919831223629,0.49165004,0.096391514,0.71082324,0.0012883606
0.9137055837563451,0.7766497461928934,0.7106598984771574,0.16503496,0.08198715,0.44773257,0.0020821237
0.8852459016393442,0.7377049180327869,0.7172131147540983,0.34781063,0.13562112,0.5925247,0.0016898816
0.9037433155080213,0.7807486631016043,0.7005347593582888,0.27052066,0.12660633,0.4843331,0.001993285
0.8894230769230769,0.6923076923076923,0.6490384615384616,0.4625937,0.16936901,0.63004774,0.0015704161
0.8167539267015707,0.5602094240837696,0.5392670157068062,0.3402635,0.11672809,0.5950967,0.0016819267
0.888030888030888,0.7297297297297297,0.694980694980695,0.31078836,0.12791462,0.59804857,0.001672755
0.9306930693069307,0.6336633663366337,0.5841584158415841,0.26961577,0.14803512,0.533082,0.0018641241
0.9096385542168675,0.6867469879518072,0.6566265060240963,0.30134904,0.16612986,0.58906513,0.001700527
0.8223938223938224,0.6833976833976834,0.6177606177606177,0.28071848,0.11292166,0.51065445,0.0019250835
0.8757763975155279,0.5590062111801242,0.5403726708074534,0.26120824,0.12427129,0.5111202,0.0019238443
0.9346938775510204,0.763265306122449,0.7224489795918367,0.30165973,0.14513491,0.5809758,0.0017251748
0.9020618556701031,0.6288659793814433,0.6030927835051546,0.27229828,0.127685,0.5015243,0.0019491492
0.9470588235294117,0.6352941176470588,0.5588235294117647,0.2709084,0.15003662,0.5304741,0.0018713468
0.9117647058823529,0.6617647058823529,0.5686274509803921,0.29378065,0.16077413,0.5593487,0.0017893988
0.896969696969697,0.6909090909090909,0.6606060606060606,0.34354144,0.20255408,0.5517418,0.001811409
0.9209302325581395,0.7162790697674418,0.6790697674418604,0.30105096,0.14998333,0.5637439,0.0017765438
0.8789473684210526,0.6052631578947368,0.5842105263157895,0.27868333,0.1722197,0.48643655,0.0019879674
0.9282511210762332,0.7354260089686099,0.7085201793721974,0.3803512,0.15237771,0.5896322,0.001698786
0.9473684210526315,0.7134502923976608,0.695906432748538,0.35840657,0.20969918,0.58269745,0.0017199573
0.93,0.635,0.61,0.25151592,0.14971079,0.44554725,0.0020872073
0.8952380952380953,0.7380952380952381,0.719047619047619,0.3286299,0.08516614,0.60242766,0.0016590649
0.8941798941798942,0.5978835978835979,0.5608465608465608,0.35212532,0.1416008,0.57940435,0.0017299233
0.874251497005988,0.7365269461077845,0.7065868263473054,0.3379179,0.14923212,0.5346397,0.0018597925
0.935672514619883,0.672514619883041,0.6608187134502924,0.56760865,0.16733114,0.7211135,0.0012499873
0.9076923076923077,0.6461538461538462,0.6102564102564103,0.2873751,0.13149466,0.5528255,0.0018082914
0.8695652173913043,0.6135265700483091,0.5797101449275363,0.43531656,0.16600008,0.6404938,0.0015358537
0.8813559322033898,0.7457627118644068,0.672316384180791,0.21182573,0.14128701,0.41924614,0.0021464392
0.9289099526066351,0.6018957345971564,0.5545023696682464,0.2699653,0.13980891,0.5024572,0.0019467102
0.8669724770642202,0.7798165137614679,0.7522935779816514,0.22950049,0.07775058,0.4984247,0.0019572207
0.8881118881118881,0.7622377622377622,0.7132867132867133,0.372328,0.12839787,0.599614,0.0016678724
0.8301886792452831,0.660377358490566,0.5849056603773585,0.37472168,0.20286424,0.5365611,0.0018544331
0.9040404040404041,0.702020202020202,0.6414141414141414,0.33010828,0.22180252,0.46970105,0.0020296378
0.8670886075949367,0.6835443037974683,0.6518987341772152,0.39493498,0.17622653,0.560176,0.0017869864
0.9321266968325792,0.7873303167420814,0.7420814479638009,0.39435825,0.11953328,0.6254377,0.0015854888
0.9211822660098522,0.8226600985221675,0.7783251231527094,0.21723191,0.14137587,0.46720198,0.0020357352
0.84375,0.6354166666666666,0.5833333333333334,0.26816007,0.13969162,0.5646043,0.0017740155
0.9007633587786259,0.8244274809160306,0.7633587786259542,0.3474481,0.13416916,0.55117995,0.0018130228
0.9015544041450777,0.6113989637305699,0.5751295336787565,0.35568684,0.1945074,0.5466894,0.0018258613
0.9225806451612903,0.7612903225806451,0.6903225806451613,0.45386806,0.15835649,0.6048727,0.0016513778
0.8672199170124482,0.7427385892116183,0.7012448132780082,0.3064202,0.13400032,0.55724025,0.0017955295
0.8831168831168831,0.7229437229437229,0.670995670995671,0.38156015,0.1529877,0.55984235,0.00178796
0.9130434782608695,0.6304347826086957,0.592391304347826,0.32953334,0.12526032,0.5231893,0.0018913358
0.8666666666666667,0.7133333333333334,0.7133333333333334,0.28817797,0.113557115,0.53439903,0.0018604627
0.8926829268292683,0.751219512195122,0.7170731707317073,0.20560783,0.107624516,0.5101344,0.0019264659
0.8844221105527639,0.7035175879396985,0.6482412060301508,0.30898485,0.15696774,0.51955265,0.0019012112
0.8736842105263158,0.6789473684210526,0.6421052631578947,0.21751967,0.13243046,0.4443165,0.0020900595
0.874439461883408,0.6278026905829597,0.5874439461883408,0.28301156,0.14685108,0.5679963,0.001764011
0.907563025210084,0.8025210084033614,0.7478991596638656,0.24743983,0.107583106,0.5470131,0.0018249393
0.9074074074074074,0.75,0.7083333333333334,0.3072253,0.107692294,0.55883557,0.0017908927
0.945,0.635,0.62,0.29961103,0.11006853,0.56597143,0.0017699905
0.9032258064516129,0.7741935483870968,0.728110599078341,0.24308218,0.111196965,0.5483043,0.0018212562
0.8325123152709359,0.6945812807881774,0.6748768472906403,0.18833812,0.13870527,0.43887642,0.0021025718
0.9038461538461539,0.6730769230769231,0.6346153846153846,0.2849014,0.1999748,0.46727225,0.0020355645
0.9371980676328503,0.6570048309178744,0.6183574879227053,0.3743842,0.13056104,0.6116644,0.0016298614
0.9223300970873787,0.7815533980582524,0.7718446601941747,0.25830796,0.12170128,0.4542076,0.0020669154
0.90625,0.7875,0.7625,0.2554066,0.17718543,0.4875141,0.0019852344
0.8737864077669902,0.7572815533980582,0.7038834951456311,0.26117536,0.15313426,0.48928785,0.0019807226
0.8381742738589212,0.6348547717842323,0.5850622406639004,0.36752105,0.12693684,0.65633184,0.0014823662
0.8195488721804511,0.7030075187969925,0.6842105263157895,0.41507912,0.13031498,0.611642,0.0016299324
0.8883248730964467,0.7055837563451777,0.5786802030456852,0.36082256,0.21198875,0.5139298,0.0019163443
0.9243243243243243,0.6918918918918919,0.6702702702702703,0.29256693,0.15806642,0.54714155,0.0018245733
0.9107142857142857,0.7619047619047619,0.7261904761904762,0.2731005,0.133523,0.52888316,0.0018757358
0.8675213675213675,0.7521367521367521,0.7136752136752137,0.27028483,0.14783567,0.547132,0.0018246003
0.8685446009389671,0.6713615023474179,0.6572769953051644,0.3856358,0.15363336,0.5957927,0.0016797683
0.8810810810810811,0.745945945945946,0.7027027027027027,0.28760448,0.17253855,0.5058138,0.0019378971
0.9451219512195121,0.6524390243902439,0.6280487804878049,0.29913402,0.16328445,0.4887363,0.001982127
0.9086294416243654,0.6598984771573604,0.6142131979695431,0.3237289,0.1524334,0.5471534,0.0018245395
0.896551724137931,0.8218390804597702,0.7126436781609196,0.28375623,0.13175446,0.42932215,0.0021241733
0.8723404255319149,0.7914893617021277,0.7659574468085106,0.2762257,0.12298504,0.5781719,0.0017336385
0.9114583333333334,0.6666666666666666,0.6354166666666666,0.31896853,0.13668899,0.5454108,0.0018294974
0.8733333333333333,0.7133333333333334,0.66,0.4528609,0.121339396,0.64259356,0.0015288377
0.9523809523809523,0.7346938775510204,0.7142857142857143,0.264131,0.13861352,0.49477404,0.0019666632
0.893719806763285,0.6859903381642513,0.6714975845410628,0.37183908,0.12421918,0.5758963,0.0017404779
0.7705882352941177,0.611764705882353,0.5647058823529412,0.40686366,0.19361447,0.5527606,0.0018084785
0.8509803921568627,0.7019607843137254,0.6549019607843137,0.39916638,0.11289401,0.64510447,0.0015204173
0.8858695652173914,0.717391304347826,0.6684782608695652,0.20609474,0.09340815,0.42133972,0.0021418566
0.9054054054054054,0.5630630630630631,0.5225225225225225,0.36833274,0.12504335,0.6249322,0.0015871347
0.8756476683937824,0.6217616580310881,0.5906735751295337,0.24413165,0.19152814,0.47344902,0.0020204326
0.898989898989899,0.6161616161616161,0.5808080808080808,0.30145168,0.11953124,0.5556673,0.0018000882
0.9025641025641026,0.6153846153846154,0.5692307692307692,0.27780554,0.12585545,0.51419324,0.0019156387
0.8195488721804511,0.706766917293233,0.6804511278195489,0.3075841,0.10064033,0.60444134,0.0016527361
0.8532608695652174,0.7608695652173914,0.7282608695652174,0.5045703,0.14593577,0.7119389,0.0012842267
0.8190045248868778,0.6877828054298643,0.6561085972850679,0.34721637,0.18026161,0.5255949,0.0018847659
0.9301075268817204,0.6559139784946236,0.6129032258064516,0.31772378,0.14725533,0.5437028,0.0018343417
0.8871794871794871,0.7743589743589744,0.7384615384615385,0.22195028,0.094853364,0.4574019,0.002059332
0.8968253968253969,0.7222222222222222,0.6746031746031746,0.29795277,0.10991759,0.572645,0.001750202
0.8476190476190476,0.6190476190476191,0.5952380952380952,0.30563927,0.13726261,0.610491,0.0016335958
0.9263157894736842,0.7842105263157895,0.7631578947368421,0.21541226,0.08811747,0.45459405,0.0020660006
0.8825910931174089,0.7611336032388664,0.708502024291498,0.28226256,0.13716431,0.5396561,0.0018457585
0.9024390243902439,0.7951219512195122,0.7658536585365854,0.19074355,0.087039076,0.46048668,0.0020519586
0.9140625,0.57421875,0.5546875,0.36588654,0.13096508,0.6268124,0.0015810058
0.9137055837563451,0.6192893401015228,0.5888324873096447,0.28034306,0.11607662,0.5690541,0.0017608787
0.8987341772151899,0.6962025316455697,0.6455696202531646,0.4194101,0.11824468,0.6599131,0.0014700905
0.9190283400809717,0.7368421052631579,0.7004048582995951,0.3087122,0.122750916,0.58448464,0.0017145256
0.9289340101522843,0.8020304568527918,0.7360406091370558,0.22051272,0.086367585,0.4771248,0.0020113334
0.8205128205128205,0.5897435897435898,0.5448717948717948,0.32675436,0.17148213,0.55549914,0.0018005748
0.8983050847457628,0.7627118644067796,0.7245762711864406,0.29841626,0.097077474,0.5494015,0.0018181197
0.8774509803921569,0.7549019607843137,0.6764705882352942,0.24922968,0.121109836,0.48879704,0.0019819725
0.869281045751634,0.7450980392156863,0.7058823529411765,0.43160495,0.19989544,0.6074811,0.0016431423
0.8864864864864865,0.654054054054054,0.6,0.44393703,0.18990952,0.63994837,0.0015376719
0.8557213930348259,0.6218905472636815,0.5920398009950248,0.26205355,0.13002484,0.53887254,0.0018479592
0.9342723004694836,0.7887323943661971,0.7370892018779343,0.24329373,0.07978063,0.48209697,0.0019989128
0.8836206896551724,0.6551724137931034,0.6077586206896551,0.5049926,0.16510147,0.7191246,0.0012574475
0.9602649006622517,0.7483443708609272,0.695364238410596,0.41468748,0.16061227,0.5783925,0.0017329744
0.8756476683937824,0.7046632124352331,0.6632124352331606,0.31366488,0.15968361,0.49369636,0.001969437
0.8857142857142857,0.8047619047619048,0.7476190476190476,0.22043142,0.10743435,0.48118505,0.0020012
0.8757062146892656,0.751412429378531,0.7288135593220338,0.3847469,0.14062963,0.6181823,0.001608986
0.8810810810810811,0.7675675675675676,0.6648648648648648,0.3049911,0.118474126,0.5939584,0.0016854517
0.8303571428571429,0.7098214285714286,0.6785714285714286,0.29742825,0.14927243,0.55364275,0.0018059365
0.8823529411764706,0.5972850678733032,0.579185520361991,0.37135258,0.14245108,0.6176607,0.0016106647
0.9251101321585903,0.6916299559471366,0.6696035242290749,0.4058335,0.17141475,0.59917396,0.0016692467
0.8932584269662921,0.7471910112359551,0.7134831460674157,0.36225873,0.14354159,0.5955441,0.0016805398
0.9099099099099099,0.7207207207207207,0.6981981981981982,0.2812549,0.120777994,0.56412905,0.0017754125
0.8942307692307693,0.6442307692307693,0.6394230769230769,0.43618745,0.16209191,0.6603612,0.0014685495
0.905511811023622,0.8267716535433071,0.7716535433070866,0.43517798,0.11734096,0.6462211,0.0015166624
0.90625,0.7708333333333334,0.75,0.22174618,0.101932086,0.48679203,0.0019870666
0.9159663865546218,0.6218487394957983,0.592436974789916,0.28058243,0.12359709,0.53601265,0.0018559648
0.8452380952380952,0.7916666666666666,0.7619047619047619,0.2869891,0.14252786,0.5156464,0.0019117416
0.8428571428571429,0.6333333333333333,0.6142857142857143,0.34881532,0.19388115,0.57366973,0.0017471433
0.9363057324840764,0.732484076433121,0.7006369426751592,0.1942348,0.12011452,0.47713652,0.002011304
0.8865248226950354,0.75177304964539,0.7092198581560284,0.28627154,0.105120294,0.5987601,0.0016705374
0.9219858156028369,0.6950354609929078,0.6737588652482269,0.3213884,0.15228483,0.56282276,0.0017792467
0.9197860962566845,0.5882352941176471,0.5508021390374331,0.2779489,0.12641914,0.55406886,0.0018047076
0.8247422680412371,0.6752577319587629,0.6185567010309279,0.337726,0.19199908,0.5171531,0.0019076891
0.9285714285714286,0.7755102040816326,0.7295918367346939,0.24403483,0.09514466,0.5063259,0.0019365471
0.7851851851851852,0.7074074074074074,0.6962962962962963,0.32932132,0.11039245,0.6073022,0.0016437089
0.8905472636815921,0.6069651741293532,0.572139303482587,0.23499238,0.14104599,0.52913135,0.0018750522
0.9132653061224489,0.6479591836734694,0.5663265306122449,0.38045493,0.19690455,0.5927303,0.0016892467
0.8677248677248677,0.746031746031746,0.7142857142857143,0.21932967,0.102772675,0.46607804,0.0020384667
0.9130434782608695,0.8322981366459627,0.8012422360248447,0.24113218,0.16165328,0.47902673,0.0020065976
0.9104477611940298,0.6069651741293532,0.582089552238806,0.32275152,0.19732332,0.51091653,0.0019243859
0.8562091503267973,0.7516339869281046,0.6470588235294118,0.31840867,0.10824,0.58373755,0.0017167982
0.8922413793103449,0.6163793103448276,0.603448275862069,0.4331089,0.105991766,0.6693361,0.0014374716
0.9151515151515152,0.7757575757575758,0.7333333333333333,0.3459539,0.19135259,0.54453486,0.0018319836
0.945273631840796,0.7014925373134329,0.7014925373134329,0.41842693,0.18825166,0.56878084,0.0017616887
0.8394495412844036,0.6513761467889908,0.6422018348623854,0.2801621,0.12924351,0.5493676,0.001818217
0.9067357512953368,0.7305699481865285,0.689119170984456,0.18903413,0.07185442,0.46563202,0.0020395492
0.9385474860335196,0.7877094972067039,0.7374301675977654,0.22106163,0.11149811,0.48397654,0.0019941842
0.8916256157635468,0.812807881773399,0.7684729064039408,0.27598315,0.11840694,0.49756545,0.0019594496
0.9141414141414141,0.7272727272727273,0.696969696969697,0.26194495,0.10784283,0.4986604,0.001956609
0.9027777777777778,0.7129629629629629,0.6805555555555556,0.23182537,0.090047345,0.48210377,0.0019988958
0.9032258064516129,0.7150537634408602,0.6881720430107527,0.33288282,0.12810147,0.6032493,0.0016564854
0.9415204678362573,0.6842105263157895,0.6666666666666666,0.2959375,0.16740608,0.5224309,0.0018934007
0.9004329004329005,0.7402597402597403,0.6883116883116883,0.33088946,0.12845962,0.6026,0.0016585244
0.9010416666666666,0.7239583333333334,0.6979166666666666,0.29281628,0.14999387,0.5377109,0.0018512163
0.9179487179487179,0.6,0.5897435897435898,0.2952644,0.15498164,0.53391343,0.0018618136
0.8712871287128713,0.7821782178217822,0.7326732673267327,0.1807693,0.1073748,0.46111628,0.0020504473
0.8804347826086957,0.7554347826086957,0.7119565217391305,0.40333402,0.18308909,0.5843926,0.0017148055
0.9128205128205128,0.6358974358974359,0.6102564102564103,0.2933934,0.14436667,0.5663162,0.0017689738
0.8888888888888888,0.7320261437908496,0.6601307189542484,0.39589253,0.14828065,0.59684324,0.0016765058
0.8608247422680413,0.6185567010309279,0.5618556701030928,0.3007789,0.13963728,0.5671007,0.0017666584
0.905829596412556,0.6457399103139013,0.6322869955156951,0.33552927,0.11541626,0.58783954,0.0017042831
0.8916256157635468,0.6354679802955665,0.6108374384236454,0.24224989,0.13550904,0.5186319,0.0019037003
0.9068627450980392,0.75,0.6764705882352942,0.19757882,0.07880986,0.44484746,0.00208883
0.8730964467005076,0.6091370558375635,0.5888324873096447,0.374267,0.13808261,0.5898706,0.001698054
0.8958333333333334,0.6145833333333334,0.546875,0.32091573,0.16362181,0.55629534,0.0017982697
0.9454545454545454,0.703030303030303,0.6909090909090909,0.36706954,0.20737837,0.59159166,0.0016927588
0.898989898989899,0.6111111111111112,0.5606060606060606,0.26392138,0.09821349,0.556345,0.0017981256
0.872093023255814,0.6569767441860465,0.627906976744186,0.22736669,0.1795454,0.41504586,0.002155565
0.8756476683937824,0.7823834196891192,0.7305699481865285,0.24219465,0.16539937,0.4644489,0.0020424146
0.8571428571428571,0.7723214285714286,0.6875,0.3620665,0.14322269,0.62203765,0.0015965346
0.8944723618090452,0.6683417085427136,0.6180904522613065,0.26685518,0.1840637,0.48159403,0.0020001752
0.9187817258883249,0.8071065989847716,0.7817258883248731,0.24029458,0.11871323,0.4797589,0.0020047694
0.9270833333333334,0.8020833333333334,0.7708333333333334,0.36732906,0.15789351,0.6225525,0.0015948656
0.9312169312169312,0.783068783068783,0.7301587301587301,0.2138464,0.08219974,0.48267093,0.0019974709
0.9004149377593361,0.6887966804979253,0.6804979253112033,0.33152562,0.14943701,0.5978975,0.0016732254
0.8542713567839196,0.5577889447236181,0.542713567839196,0.29609028,0.1969358,0.54654187,0.0018262811
0.8130841121495327,0.780373831775701,0.7383177570093458,0.32950637,0.12421322,0.6118774,0.0016291823
0.8866666666666667,0.7133333333333334,0.66,0.50271386,0.09830001,0.7259893,0.0012316133
0.871900826446281,0.7603305785123967,0.6942148760330579,0.27951357,0.13541281,0.52825165,0.0018774746
0.9222797927461139,0.6580310880829016,0.6476683937823834,0.32761836,0.1495742,0.6115895,0.0016301
0.8894230769230769,0.5769230769230769,0.5528846153846154,0.3694873,0.096766055,0.6237385,0.0015910162
0.7751937984496124,0.6744186046511628,0.6666666666666666,0.37817645,0.111740746,0.6325794,0.001562092
0.9230769230769231,0.6390532544378699,0.6035502958579881,0.34833768,0.21323226,0.5882631,0.0017029858
0.898989898989899,0.8131313131313131,0.7878787878787878,0.30274022,0.2203296,0.5151095,0.001913183
0.883248730964467,0.6700507614213198,0.6142131979695431,0.31432894,0.18120283,0.51460737,0.0019145295
0.8144329896907216,0.5309278350515464,0.4742268041237113,0.30528492,0.2383194,0.5673172,0.0017660186
0.8974358974358975,0.7743589743589744,0.7128205128205128,0.3064511,0.13801977,0.5464856,0.0018264413
0.9065934065934066,0.6153846153846154,0.5934065934065934,0.54256064,0.16975707,0.7216892,0.001247825
0.9066666666666666,0.7555555555555555,0.6977777777777778,0.33874717,0.1305463,0.5707849,0.0017557411
0.8874172185430463,0.6357615894039735,0.5960264900662252,0.46044734,0.12217973,0.70481265,0.001310519
0.8820224719101124,0.7584269662921348,0.6910112359550562,0.23071419,0.10365203,0.51321673,0.0019182515
0.8458333333333333,0.6666666666666666,0.6291666666666667,0.4259006,0.17882185,0.66570866,0.0014500836
0.9027027027027027,0.7675675675675676,0.7351351351351352,0.32814014,0.14798647,0.5566177,0.0017973353
0.8929889298892989,0.6974169741697417,0.6752767527675276,0.35403532,0.13742831,0.58663553,0.0017079659
0.875,0.5948275862068966,0.5517241379310345,0.3221655,0.112421624,0.6066271,0.0016458425
0.9375,0.7932692307692307,0.7548076923076923,0.27930093,0.11008837,0.5495546,0.0018176818
0.8549222797927462,0.7461139896373057,0.6683937823834197,0.3623643,0.12398998,0.5883901,0.0017025965
0.8325123152709359,0.5862068965517241,0.5369458128078818,0.2653528,0.13244082,0.53222406,0.001866504
0.8899082568807339,0.6376146788990825,0.5825688073394495,0.28808108,0.117988385,0.5332995,0.00186352
0.9047619047619048,0.7513227513227513,0.6878306878306878,0.27402386,0.10426417,0.5145566,0.0019146657
0.8987854251012146,0.7530364372469636,0.728744939271255,0.3872527,0.08933422,0.63492054,0.001554364
0.9035532994923858,0.6598984771573604,0.6345177664974619,0.35493433,0.16484712,0.54939336,0.0018181428
0.8341968911917098,0.6476683937823834,0.6321243523316062,0.2559282,0.15967989,0.51055163,0.001925357
0.8811475409836066,0.7418032786885246,0.7090163934426229,0.31325138,0.15136956,0.567586,0.0017652245
0.7923497267759563,0.825136612021858,0.6994535519125683,0.3910666,0.22248071,0.61171174,0.0016297102
0.9565217391304348,0.7880434782608695,0.7065217391304348,0.30066866,0.15242173,0.51398915,0.0019161854
0.927461139896373,0.6683937823834197,0.616580310880829,0.29868522,0.14133519,0.56392723,0.0017760055
0.9365079365079365,0.671957671957672,0.6084656084656085,0.28500637,0.14663331,0.48721442,0.0019859953
0.9096385542168675,0.7771084337349398,0.7228915662650602,0.32584015,0.16134557,0.57461655,0.0017443121
0.8525345622119815,0.6129032258064516,0.5898617511520737,0.30459,0.1420635,0.54331875,0.0018354288
0.8701298701298701,0.7489177489177489,0.7359307359307359,0.2966013,0.1352962,0.5574636,0.0017948808
0.87,0.76,0.7,0.22405805,0.103404865,0.45184085,0.0020724998
0.9078947368421053,0.7697368421052632,0.6907894736842105,0.37367457,0.13347392,0.57640386,0.0017389547
0.8349514563106796,0.6310679611650486,0.5388349514563107,0.3799552,0.13542818,0.5662256,0.0017692411
0.9188034188034188,0.8034188034188035,0.7521367521367521,0.18335524,0.15181206,0.49806774,0.001958147
0.8717948717948718,0.6871794871794872,0.6820512820512821,0.4945676,0.13662699,0.6648767,0.0014529662
0.8679245283018868,0.6981132075471698,0.6698113207547169,0.31159073,0.14599836,0.534208,0.0018609943
0.9015544041450777,0.6580310880829016,0.6424870466321243,0.29210693,0.16692613,0.52791035,0.001878413
0.93717277486911,0.7696335078534031,0.7643979057591623,0.22058243,0.12139872,0.4511643,0.0020740905
0.89171974522293,0.821656050955414,0.7707006369426752,0.38354015,0.13530722,0.61790186,0.0016098889
0.8966942148760331,0.7396694214876033,0.7066115702479339,0.35696343,0.17349982,0.55766743,0.0017942892
0.9317073170731708,0.8195121951219512,0.8097560975609757,0.21411918,0.10783123,0.4503606,0.0020759774
0.900497512437811,0.5671641791044776,0.5323383084577115,0.30694783,0.107359566,0.5839812,0.0017160572
0.9094650205761317,0.7078189300411523,0.6831275720164609,0.38295367,0.1419016,0.6358382,0.0015513276
0.8760683760683761,0.6495726495726496,0.6452991452991453,0.3641211,0.18086323,0.6067492,0.001645457
0.8872549019607843,0.7058823529411765,0.6519607843137255,0.23509337,0.1201493,0.46447635,0.0020423483
0.8631578947368421,0.6894736842105263,0.5947368421052631,0.40688813,0.19115387,0.65479195,0.0014876239
0.87,0.585,0.57,0.3786926,0.14536865,0.6210165,0.0015998395
0.9236947791164659,0.642570281124498,0.6345381526104418,0.37349164,0.11492147,0.62758195,0.001578492
0.914572864321608,0.7437185929648241,0.6834170854271356,0.23764011,0.1055464,0.4665145,0.002037407
0.927536231884058,0.642512077294686,0.6280193236714976,0.31674638,0.13092805,0.56509006,0.0017725868
0.8862559241706162,0.6398104265402843,0.6018957345971564,0.3571268,0.14215484,0.6148348,0.0016197352
0.927536231884058,0.7874396135265701,0.7342995169082126,0.21263102,0.09540601,0.45385936,0.0020677387
0.8346456692913385,0.6535433070866141,0.6299212598425197,0.43191478,0.16221969,0.64104253,0.001534022
0.9015544041450777,0.8601036269430051,0.7979274611398963,0.2073186,0.10595881,0.46012047,0.0020528364
0.8781725888324873,0.7411167512690355,0.6649746192893401,0.41333485,0.13009761,0.63853073,0.0015423921
0.9213973799126638,0.7685589519650655,0.74235807860262,0.2045236,0.07842599,0.46410376,0.0020432493
0.7792207792207793,0.7402597402597403,0.7207792207792207,0.3541537,0.14755979,0.53603214,0.0018559104
0.8082901554404145,0.6787564766839378,0.6424870466321243,0.27801618,0.17105292,0.45194548,0.0020722535
0.9045226130653267,0.7889447236180904,0.7437185929648241,0.23582448,0.1122739,0.46275434,0.0020465066
0.96045197740113,0.7627118644067796,0.7457627118644068,0.28160682,0.10910864,0.49064165,0.0019772674
0.8553459119496856,0.6792452830188679,0.5534591194968553,0.3773625,0.1453401,0.60562253,0.0016490137
0.9080459770114943,0.7701149425287356,0.6781609195402298,0.26120812,0.12862764,0.4820296,0.001999082
0.8927038626609443,0.7896995708154506,0.7510729613733905,0.3924242,0.17302103,0.61455077,0.0016206441
0.84688995215311,0.7177033492822966,0.6555023923444976,0.31168216,0.09629425,0.57391685,0.0017464046
0.8840579710144928,0.8067632850241546,0.748792270531401,0.28006864,0.1135478,0.527847,0.0018785872
0.8775510204081632,0.7142857142857143,0.6870748299319728,0.44983146,0.092178665,0.6881807,0.0013708525
0.8581560283687943,0.6382978723404256,0.5673758865248227,0.5411438,0.1347785,0.73505354,0.001197126
0.9217877094972067,0.7094972067039106,0.6927374301675978,0.27663952,0.14939398,0.52216053,0.0018941363
0.9162011173184358,0.7206703910614525,0.7094972067039106,0.3374415,0.13248226,0.5578009,0.0017939018
0.9158878504672897,0.780373831775701,0.7757009345794392,0.35337168,0.1864582,0.5665403,0.0017683128
0.9257142857142857,0.6514285714285715,0.6457142857142857,0.35875967,0.14772336,0.5971265,0.001675625
0.9117647058823529,0.7235294117647059,0.6764705882352942,0.29465768,0.13803922,0.47692904,0.0020118197
0.9032258064516129,0.6774193548387096,0.6129032258064516,0.28133887,0.14201562,0.4947677,0.0019666795
0.8010471204188482,0.6544502617801047,0.6282722513089005,0.32827875,0.27044615,0.45407447,0.0020672302
0.8723404255319149,0.723404255319149,0.6595744680851063,0.23531866,0.10647313,0.48170725,0.001999891
0.8875739644970414,0.8284023668639053,0.7869822485207101,0.4408064,0.1990026,0.6594079,0.0014718259
0.945054945054945,0.7692307692307693,0.7362637362637363,0.385168,0.14443196,0.6180835,0.0016093043
0.9090909090909091,0.6688311688311688,0.6428571428571429,0.3247251,0.16497129,0.55679786,0.0017968126
0.8093525179856115,0.6942446043165468,0.658273381294964,0.30992076,0.15239497,0.55803823,0.0017932119
0.9117647058823529,0.7843137254901961,0.7058823529411765,0.26743487,0.08296218,0.5197366,0.0019007133
0.9096385542168675,0.7710843373493976,0.6566265060240963,0.41892773,0.1667955,0.56210655,0.0017813444
0.9439252336448598,0.7850467289719626,0.719626168224299,0.2355831,0.1085007,0.47965276,0.0020050346
0.8921161825726142,0.7717842323651453,0.7510373443983402,0.35458863,0.099841684,0.6186623,0.0016074404
0.8426966292134831,0.6292134831460674,0.5955056179775281,0.4953362,0.15157373,0.7248939,0.0012357526
0.9086538461538461,0.7451923076923077,0.6923076923076923,0.23808357,0.09955175,0.4637851,0.002044019
0.864406779661017,0.576271186440678,0.519774011299435,0.29566267,0.1247442,0.5556148,0.00180024
0.9207920792079208,0.6534653465346535,0.6237623762376238,0.30726224,0.13698219,0.5749724,0.0017432465
0.9104477611940298,0.5870646766169154,0.5671641791044776,0.3116053,0.12036612,0.5961852,0.0016785503
0.9004739336492891,0.7630331753554502,0.7298578199052133,0.27004623,0.13537608,0.46988124,0.002029197
0.8552188552188552,0.7306397306397306,0.696969696969697,0.3988802,0.106165476,0.61506337,0.0016190027
0.8888888888888888,0.6038647342995169,0.5748792270531401,0.3427957,0.145962,0.58420557,0.0017153745
0.9069767441860465,0.748062015503876,0.7364341085271318,0.38368398,0.14141057,0.62158626,0.0015979962
0.9293478260869565,0.8097826086956522,0.7336956521739131,0.21379496,0.12330153,0.46124163,0.0020501462
0.8583690987124464,0.8025751072961373,0.6909871244635193,0.30355644,0.12937902,0.5687368,0.0017618189
0.8917525773195877,0.5670103092783505,0.5257731958762887,0.3146416,0.15007494,0.6006156,0.0016647419
0.8760330578512396,0.7272727272727273,0.6859504132231405,0.27488485,0.12953632,0.5498187,0.0018169252
0.9271844660194175,0.6407766990291263,0.6116504854368932,0.3335366,0.14036943,0.5729948,0.0017491585
0.8607594936708861,0.7383966244725738,0.7257383966244726,0.29737434,0.11547234,0.5290503,0.0018752757
0.8980891719745223,0.7133757961783439,0.6687898089171974,0.45851064,0.12955277,0.66694266,0.001445801
0.8016194331983806,0.7489878542510121,0.708502024291498,0.35691544,0.1259621,0.61637384,0.0016148001
0.9389312977099237,0.7709923664122137,0.7175572519083969,0.25344262,0.15793425,0.55270493,0.0018086388
0.9368421052631579,0.8210526315789474,0.7947368421052632,0.34774792,0.13620086,0.5723966,0.0017509428
0.8407079646017699,0.7610619469026548,0.7123893805309734,0.2742092,0.10755906,0.536289,0.0018551933
0.873015873015873,0.6772486772486772,0.6190476190476191,0.23455025,0.13245676,0.59421885,0.0016846457
0.921161825726141,0.7966804979253111,0.7634854771784232,0.26743108,0.12077123,0.55233115,0.0018097144
0.8990384615384616,0.7932692307692307,0.7451923076923077,0.2180174,0.14246939,0.44459072,0.0020894248
0.9107142857142857,0.6845238095238095,0.6190476190476191,0.37534165,0.18168461,0.567886,0.0017643372
0.9390243902439024,0.725609756097561,0.6707317073170732,0.3096621,0.13594925,0.5217198,0.0018953346
0.8830409356725146,0.7076023391812866,0.6257309941520468,0.20987408,0.15453194,0.42275876,0.002138737
0.8940677966101694,0.7796610169491526,0.7457627118644068,0.2589533,0.09868139,0.5192373,0.0019020642
0.847682119205298,0.6225165562913907,0.609271523178808,0.34736973,0.17474936,0.5361889,0.0018554726
0.9380952380952381,0.6190476190476191,0.5952380952380952,0.28778234,0.15780833,0.5503668,0.0018153554
0.9076923076923077,0.6564102564102564,0.6205128205128205,0.33462742,0.17803615,0.57033336,0.0017570831
0.9107142857142857,0.7633928571428571,0.7098214285714286,0.23972419,0.09976564,0.46537557,0.0020401708
0.926829268292683,0.7121951219512195,0.6487804878048781,0.21744105,0.13025811,0.4602059,0.0020526315
0.9013452914798207,0.757847533632287,0.6816143497757847,0.30139583,0.13822459,0.5585215,0.0017918065
0.8014705882352942,0.6948529411764706,0.6617647058823529,0.4019063,0.11458305,0.6406058,0.0015354798
0.872093023255814,0.6453488372093024,0.5988372093023255,0.249171,0.13276811,0.4155965,0.0021543738
0.8678414096916299,0.788546255506608,0.762114537444934,0.28708336,0.09223832,0.5233651,0.0018908568
0.8793103448275862,0.6724137931034483,0.6149425287356322,0.37228304,0.28204,0.54258734,0.0018374972
0.8452380952380952,0.7341269841269841,0.7142857142857143,0.37374187,0.1528794,0.5822987,0.0017211674
0.8426966292134831,0.7247191011235955,0.6460674157303371,0.34931877,0.11938741,0.5801556,0.001727655
0.7426900584795322,0.6140350877192983,0.5730994152046783,0.2528283,0.14465687,0.48272806,0.0019973272
0.8057553956834532,0.7266187050359713,0.6906474820143885,0.4676588,0.13558784,0.6183795,0.0016083512
1.0,0.6666666666666666,0.3333333333333333,0.5115006,0.17114455,0.7190182,0.0012578461
0.9428571428571428,0.6285714285714286,0.5542857142857143,0.4194559,0.1353818,0.61505234,0.0016190382
0.9082125603864735,0.6183574879227053,0.5942028985507246,0.32943282,0.15332995,0.5775646,0.0017354665
0.863849765258216,0.5868544600938967,0.5586854460093896,0.30179277,0.12645479,0.56117886,0.0017840583
0.9512195121951219,0.6780487804878049,0.6487804878048781,0.27929714,0.17529015,0.47746423,0.0020104893
0.839622641509434,0.7216981132075472,0.589622641509434,0.38559896,0.19339801,0.5982995,0.0016719733
0.8928571428571429,0.6785714285714286,0.6214285714285714,0.35562298,0.13959713,0.61182815,0.0016293392
0.8807947019867549,0.6423841059602649,0.6158940397350994,0.35867086,0.158611,0.60847276,0.0016400024
0.8666666666666667,0.7041666666666667,0.6583333333333333,0.34180066,0.15823199,0.5886028,0.0017019449
0.8068181818181818,0.6022727272727273,0.5681818181818182,0.42118633,0.16437037,0.65122986,0.0014997387
0.8761904761904762,0.680952380952381,0.6285714285714286,0.32753766,0.08348407,0.5860574,0.001709731
0.8611111111111112,0.6865079365079365,0.6706349206349206,0.3487053,0.13415276,0.61010635,0.0016348185
0.91005291005291,0.6931216931216931,0.656084656084656,0.31344327,0.059971225,0.5889385,0.0017009153
0.9008620689655172,0.6336206896551724,0.6163793103448276,0.38965693,0.19085392,0.6364494,0.0015493026
0.8634361233480177,0.5991189427312775,0.5814977973568282,0.39453244,0.084450684,0.6866636,0.0013762839
0.9,0.6157894736842106,0.5789473684210527,0.2899429,0.14820953,0.56861734,0.0017621728
0.9297297297297298,0.6810810810810811,0.5945945945945946,0.2455872,0.115237035,0.49289364,0.0019714998
0.9523809523809523,0.7238095238095238,0.7142857142857143,0.3607544,0.21145335,0.57766485,0.0017351648
0.9116279069767442,0.7395348837209302,0.6744186046511628,0.30788693,0.16666827,0.5284445,0.0018769441
0.8166666666666667,0.6625,0.6208333333333333,0.41311556,0.11387599,0.65879136,0.0014739428
0.8756218905472637,0.6567164179104478,0.5970149253731343,0.35952887,0.15347518,0.66254586,0.0014610239
0.9464285714285714,0.5833333333333334,0.5595238095238095,0.34986192,0.23538065,0.5365617,0.0018544309
0.8571428571428571,0.5767195767195767,0.544973544973545,0.26977837,0.1406679,0.4678055,0.0020342655
0.9464285714285714,0.625,0.5952380952380952,0.28313738,0.23146051,0.5419448,0.0018393121
0.8829268292682927,0.7170731707317073,0.7170731707317073,0.23931012,0.09921965,0.47699872,0.0020116465
0.8858447488584474,0.634703196347032,0.5981735159817352,0.49817175,0.16525695,0.68598473,0.0013787107
0.8901098901098901,0.6923076923076923,0.6318681318681318,0.33167624,0.17640871,0.52150583,0.0018959157
0.8888888888888888,0.6900584795321637,0.6608187134502924,0.31673765,0.15767132,0.5851478,0.0017125056
0.9157894736842105,0.6578947368421053,0.6368421052631579,0.24542776,0.11941701,0.47194397,0.0020241376
0.9080459770114943,0.7126436781609196,0.6436781609195402,0.29500708,0.13476476,0.5389203,0.0018478256
0.8481675392670157,0.6544502617801047,0.6020942408376964,0.30977812,0.18857513,0.59927,0.0016689465
0.8932584269662921,0.7134831460674157,0.6685393258426966,0.28087553,0.14382823,0.4811834,0.0020012045
0.8836206896551724,0.7456896551724138,0.728448275862069,0.27301353,0.123047784,0.5633324,0.0017777517
0.9043062200956937,0.6746411483253588,0.6602870813397129,0.28161815,0.1346804,0.53252935,0.0018656574
0.8823529411764706,0.7857142857142857,0.7310924369747899,0.20885468,0.106418565,0.49331984,0.001970405
0.8818565400843882,0.7637130801687764,0.7637130801687764,0.25455183,0.12567562,0.52012366,0.0018996649
0.93125,0.7,0.65625,0.29301104,0.120597385,0.48665565,0.0019874123
0.9193548387096774,0.6344086021505376,0.5806451612903226,0.31274974,0.12164136,0.5514302,0.001812304
0.9178743961352657,0.6956521739130435,0.642512077294686,0.2851893,0.14633466,0.49088544,0.0019766444
0.848,0.74,0.664,0.35787654,0.16148189,0.54928577,0.0018184507
0.9333333333333333,0.6933333333333334,0.6711111111111111,0.4219346,0.17487603,0.6036332,0.0016552784
0.9375,0.7416666666666667,0.7041666666666667,0.3666855,0.121202275,0.59087443,0.0016949674
0.9234449760765551,0.7607655502392344,0.722488038277512,0.24300443,0.11656052,0.47857675,0.0020077194
0.8982300884955752,0.7566371681415929,0.7300884955752213,0.22791976,0.12717365,0.4818283,0.0019995873
0.8901734104046243,0.6358381502890174,0.6011560693641619,0.33413574,0.12818474,0.5553112,0.0018011183
0.925,0.69375,0.64375,0.4069789,0.14868475,0.63143367,0.0015658634
0.8968253968253969,0.75,0.7301587301587301,0.2644727,0.13244125,0.53098726,0.0018699284
0.8829268292682927,0.7024390243902439,0.6439024390243903,0.26817736,0.09122764,0.5129119,0.001919066
0.8855721393034826,0.6368159203980099,0.6119402985074627,0.30315384,0.13333872,0.59520316,0.001681597
0.9024390243902439,0.7463414634146341,0.697560975609756,0.28366584,0.14087386,0.5157271,0.001911525
0.8639455782312925,0.7482993197278912,0.6462585034013606,0.3946516,0.18011875,0.62100875,0.0015998647
0.875,0.8020833333333334,0.75,0.24211216,0.14720301,0.45133293,0.0020736943
0.8378378378378378,0.7162162162162162,0.6531531531531531,0.3333684,0.18240611,0.52244014,0.0018933757
0.9134615384615384,0.7307692307692307,0.6971153846153846,0.19691451,0.10343008,0.4828838,0.0019969356
0.8542713567839196,0.5979899497487438,0.5477386934673367,0.30645022,0.1314578,0.51786125,0.0019057808
0.8432432432432433,0.6648648648648648,0.6,0.41624168,0.10091014,0.6424821,0.0015292099
0.9290780141843972,0.8439716312056738,0.8156028368794326,0.41093877,0.20122886,0.57513577,0.0017427575
0.7684210526315789,0.7017543859649122,0.6596491228070176,0.40285116,0.16306058,0.5986833,0.0016707769
0.7237569060773481,0.6077348066298343,0.580110497237569,0.5444664,0.116199754,0.72328174,0.0012418325
0.9213483146067416,0.7191011235955056,0.6910112359550562,0.3113601,0.13663019,0.53896534,0.0018476988
0.9064039408866995,0.6699507389162561,0.6502463054187192,0.23042625,0.13400562,0.5295565,0.00187388
0.8057553956834532,0.6258992805755396,0.5323741007194245,0.3949362,0.10533632,0.6244435,0.0015887251
0.8852459016393442,0.7814207650273224,0.726775956284153,0.26100278,0.1277713,0.47998983,0.0020041922
0.9110320284697508,0.8149466192170819,0.7615658362989324,0.31406847,0.13226004,0.5766715,0.0017381511
0.8517241379310345,0.7517241379310344,0.7310344827586207,0.43992704,0.11190282,0.6498825,0.0015043042
0.850828729281768,0.6740331491712708,0.6298342541436464,0.3766727,0.120712936,0.59628606,0.0016782371
0.9202453987730062,0.6073619631901841,0.5644171779141104,0.20976795,0.13033995,0.44413275,0.0020904846
0.9122807017543859,0.6666666666666666,0.6257309941520468,0.3403127,0.13345034,0.5151312,0.0019131247
0.9132653061224489,0.7704081632653061,0.7091836734693877,0.30848494,0.14947975,0.50892,0.0019296886
0.8525345622119815,0.6543778801843319,0.5852534562211982,0.24671578,0.20371927,0.55011415,0.0018160795
0.8726415094339622,0.7405660377358491,0.7169811320754716,0.38106155,0.16032642,0.5625858,0.0017799409
0.9101123595505618,0.6853932584269663,0.5842696629213483,0.25418863,0.10828563,0.4942391,0.0019680408
0.8883495145631068,0.7766990291262136,0.7281553398058253,0.19810732,0.09018242,0.47213212,0.0020236752
0.8865979381443299,0.7061855670103093,0.6701030927835051,0.2582675,0.11623388,0.50866413,0.0019303666
0.893048128342246,0.6684491978609626,0.6417112299465241,0.27798873,0.119524196,0.47577673,0.0020146782
0.9130434782608695,0.7336956521739131,0.6793478260869565,0.2765164,0.21221069,0.4625587,0.0020469779
0.8796296296296297,0.7592592592592593,0.7222222222222222,0.27271587,0.11183154,0.5243815,0.0018880834
0.8908296943231441,0.6550218340611353,0.62882096069869,0.4166997,0.17499563,0.5867115,0.001707733
0.9251336898395722,0.8021390374331551,0.7807486631016043,0.21545772,0.11760285,0.46396765,0.002043578
0.848780487804878,0.5804878048780487,0.5365853658536586,0.24093367,0.09364823,0.4958734,0.001963827
0.8852459016393442,0.6120218579234973,0.5792349726775956,0.4222562,0.11106238,0.6192108,0.0016056722
0.9333333333333333,0.5743589743589743,0.5076923076923077,0.2660315,0.16647346,0.52271485,0.0018926278
0.8842592592592593,0.5925925925925926,0.5925925925925926,0.2771362,0.16241972,0.5522602,0.0018099183
0.9178082191780822,0.7579908675799086,0.7123287671232876,0.28375715,0.12636922,0.5697521,0.0017588089
0.8810810810810811,0.7783783783783784,0.7621621621621621,0.2521737,0.124307275,0.4825347,0.0019978131
0.9018691588785047,0.7102803738317757,0.6728971962616822,0.30848682,0.096062,0.54461235,0.0018317644
0.9251336898395722,0.6524064171122995,0.6042780748663101,0.29822892,0.17573887,0.5643309,0.0017748196
0.9448275862068966,0.7862068965517242,0.7172413793103448,0.31884736,0.13955414,0.56217635,0.0017811405
0.8585858585858586,0.7474747474747475,0.6767676767676768,0.1815516,0.09027049,0.47669473,0.0020124014
0.9234972677595629,0.644808743169399,0.6065573770491803,0.3119557,0.1850721,0.5715079,0.0017535904
0.8313253012048193,0.7309236947791165,0.6907630522088354,0.3261823,0.16688791,0.59723943,0.0016752734
